region,id,country,in_stock,out_stock,year,group,gni
Americas,BMU,Bermuda,2632,928,2014,4,"106,140.00"
Europe,NOR,Norway,185620,213948,2014,5,"104,000.00"
Asia,QAT,Qatar,31004,35182,2014,4,"92,200.00"
Europe,CHE,Switzerland,681849,1130615,2014,5,"86,000.00"
Asia,MAC,Macao,26747,2277,2014,4,"76,300.00"
Europe,LUX,Luxembourg,161311,149892,2014,5,"75,990.00"
Oceania,AUS,Australia,564608.2299,443519.164,2014,5,"64,620.00"
Europe,SWE,Sweden,321103,379528,2014,5,"61,600.00"
Europe,DNK,Denmark,82922,183025,2014,5,"61,300.00"
Americas,USA,United States,5409884,6318640,2014,5,"55,200.00"
Asia,SGP,Singapore,912355,576396,2014,4,"55,200.00"
Europe,NLD,Netherlands,664442,985256,2014,5,"51,900.00"
Americas,CAN,Canada,631316,714555,2014,5,"51,600.00"
Europe,AUT,Austria,180825,223246,2014,5,"49,700.00"
Asia,KWT,Kuwait,15362,36531,2014,4,"49,300.00"
Europe,FIN,Finland,133116,164554,2014,5,"48,400.00"
Europe,ISL,Iceland,7425,7955,2014,5,"47,720.00"
Europe,DEU,Germany,743512,1583279,2014,5,"47,600.00"
Europe,BEL,Belgium,525612,450178,2014,5,"47,300.00"
Europe,IRL,Ireland,369168,628026,2014,5,"46,600.00"
Asia,ARE,United Arab Emirates,115561,66298,2014,4,"44,600.00"
Europe,GBR,United Kingdom,1662858,1584147,2014,5,"43,400.00"
Europe,FRA,France,729147,1279089,2014,5,"43,000.00"
Asia,JPN,Japan,170615,1193137,2014,5,"42,000.00"
Oceania,NZL,New Zealand,76791,18678,2014,5,"41,370.00"
Asia,BRN,Brunei,6219,134,2014,4,"40,978.53"
Asia,HKG,Hong Kong,1549849,1459947,2014,4,"40,300.00"
Asia,ISR,Israel,98697,78016,2014,5,"35,300.00"
Europe,ITA,Italy,373738,548416,2014,5,"34,300.00"
Europe,ESP,Spain,721880,673989,2014,5,"29,400.00"
Asia,KOR,South Korea,182037,258553,2014,5,"27,100.00"
Asia,CYP,Cyprus,58145,41913,2014,4,"26,400.00"
Asia,SAU,Saudi Arabia,215909,44699,2014,4,"25,500.00"
Europe,SVN,Slovenia,12743,6193,2014,5,"23,600.00"
Asia,TWN,Taiwan,68636,258829,2014,4,"23,300.00"
Europe,GRC,Greece,20181,33939,2014,5,"22,040.00"
Europe,PRT,Portugal,108515,58355,2014,5,"21,400.00"
Americas,BHS,"Bahamas, The",18751,3868,2014,4,"21,000.00"
Europe,MLT,Malta,172358,44493,2014,4,"21,000.00"
Asia,BHR,Bahrain,18771,10672,2014,4,"20,860.00"
Americas,TTO,Trinidad and Tobago,26125,6411,2014,4,"20,070.00"
Americas,PRI,Puerto Rico,,,2014,4,"19,320.00"
Europe,EST,Estonia,19298,6319,2014,5,"19,000.00"
Europe,CZE,Czech Republic,121530,19041,2014,5,"18,400.00"
Asia,OMN,Oman,19707,7453,2014,4,"18,340.00"
Europe,SVK,Slovakia,53216,2975,2014,5,"17,800.00"
Americas,URY,Uruguay,22318,428,2014,4,"16,400.00"
Europe,LTU,Lithuania,14691,2683,2014,4,"15,400.00"
Europe,LVA,Latvia,14567,1170,2014,4,"15,300.00"
Americas,KNA,Saint Kitts and Nevis,2078,59,2014,4,"14,900.00"
Americas,CHL,Chile,207678,89733,2014,5,"14,900.00"
Americas,BRB,Barbados,5248,3840,2014,4,"14,860.00"
Africa,SYC,Seychelles,2567,280,2014,4,"14,100.00"
Europe,POL,Poland,245161,65217,2014,5,"13,700.00"
Americas,ARG,Argentina,114076,35938,2014,4,"13,500.00"
Americas,ATG,Antigua and Barbuda,2845,112,2014,4,"13,300.00"
Europe,HUN,Hungary,98360,39641,2014,5,"13,300.00"
Europe,RUS,Russian Federation,378543,431865,2014,4,"13,200.00"
Europe,HRV,Croatia,29761,5444,2014,4,"13,000.00"
Asia,KAZ,Kazakhstan,129244,27200,2014,3,"11,900.00"
Americas,VEN,Venezuela,30139,27349,2014,4,"11,780.00"
Americas,BRA,Brazil,754769,316339,2014,3,"11,500.00"
Asia,MYS,Malaysia,133767,135685,2014,3,"11,100.00"
Americas,PAN,Panama,35917,4246,2014,3,"11,100.00"
Asia,TUR,Turkey,168645,40088,2014,3,"10,800.00"
Africa,GNQ,Equatorial Guinea,17250,3,2014,4,"10,200.00"
Americas,CRI,Costa Rica,24309,2049,2014,3,"10,100.00"
Asia,LBN,Lebanon,56834,12629,2014,3,"10,000.00"
Americas,SUR,Suriname,1012,,2014,3,"9,950.00"
Americas,MEX,Mexico,337974,131246,2014,3,"9,870.00"
Africa,GAB,Gabon,6339,1006,2014,3,"9,720.00"
Europe,ROU,Romania,74732,696,2014,3,"9,520.00"
Asia,TKM,Turkmenistan,26203,,2014,3,"8,020.00"
Americas,COL,Colombia,141667,43082,2014,3,"7,970.00"
Americas,GRD,Grenada,1506,51,2014,3,"7,910.00"
Africa,LBY,Libya,18511,20375,2014,3,"7,820.00"
Europe,BGR,Bulgaria,46539,2195,2014,3,"7,620.00"
Asia,AZE,Azerbaijan,18180,11214,2014,3,"7,590.00"
Asia,CHN,China,1085293,729585,2014,3,"7,400.00"
Europe,BLR,Belarus,17730,588,2014,3,"7,340.00"
Europe,MNE,Montenegro,4983,422,2014,3,"7,320.00"
Americas,LCA,Saint Lucia,2510,67,2014,3,"7,260.00"
Africa,BWA,Botswana,4367,795,2014,3,"7,240.00"
Americas,DMA,Dominica,846,38,2014,3,"6,930.00"
Africa,ZAF,South Africa,145384,133936,2014,3,"6,800.00"
Americas,VCT,Saint Vincent and the Grenadines,1814,6,2014,3,"6,610.00"
Asia,IRN,Iran,,,2014,3,"6,550.00"
Asia,IRQ,Iraq,23161,1956,2014,3,"6,500.00"
Asia,MDV,Maldives,2490,,2014,3,"6,410.00"
Americas,PER,Peru,79429,4205,2014,3,"6,360.00"
Americas,ECU,Ecuador,14591,697,2014,3,"6,090.00"
Americas,DOM,Dominican Republic,28757,171,2014,3,"6,040.00"
Americas,CUB,Cuba,,,2014,3,"5,880.00"
Europe,SRB,Serbia,33142,3015,2014,3,"5,820.00"
Asia,THA,Thailand,199311,65769,2014,3,"5,780.00"
Africa,NAM,Namibia,3722,60,2014,3,"5,630.00"
Africa,DZA,Algeria,26786,1733,2014,3,"5,490.00"
Asia,JOR,Jordan,28734,608,2014,3,"5,160.00"
Americas,JAM,Jamaica,13324,314,2014,3,"5,150.00"
Europe,MKD,Macedonia,,,2014,3,"5,150.00"
Oceania,FJI,Fiji,3713,51,2014,3,"4,870.00"
Africa,AGO,Angola,,19218,2014,3,"4,800.00"
Europe,BIH,Bosnia and Herzegovina,7383,208,2014,3,"4,760.00"
Europe,ALB,Albania,4466,239,2014,3,"4,450.00"
Americas,BLZ,Belize,1765,54,2014,3,"4,430.00"
Americas,PRY,Paraguay,5381,379,2014,3,"4,400.00"
Asia,MNG,Mongolia,16693,355,2014,3,"4,280.00"
Oceania,TON,Tonga,403,100,2014,3,"4,260.00"
Africa,TUN,Tunisia,31540,305,2014,3,"4,230.00"
Oceania,WSM,Samoa,235,25,2014,2,"4,060.00"
Americas,GUY,Guyana,1960,2,2014,2,"4,030.00"
Asia,ARM,Armenia,5831,206,2014,2,"4,020.00"
Americas,SLV,El Salvador,8504,3,2014,2,"3,920.00"
Asia,GEO,Georgia,12241,1514,2014,2,"3,720.00"
Asia,IDN,Indonesia,253082,24052,2014,2,"3,630.00"
Europe,UKR,Ukraine,63825,9705,2014,2,"3,560.00"
Africa,SWZ,Swaziland,759,103,2014,2,"3,550.00"
Asia,PHL,Philippines,57093,35603,2014,2,"3,500.00"
Asia,LKA,Sri Lanka,10511,607,2014,2,"3,460.00"
Africa,CPV,Cape Verde,1474,,2014,2,"3,450.00"
Americas,GTM,Guatemala,12102,503,2014,2,"3,430.00"
Oceania,VUT,Vanuatu,503,23,2014,2,"3,160.00"
Africa,MAR,Morocco,51664,4194,2014,2,"3,070.00"
Africa,EGY,Egypt,87882,6839,2014,2,"3,050.00"
Africa,NGA,Nigeria,86671,10259,2014,2,"2,970.00"
Oceania,KIR,Kiribati,15,1,2014,2,"2,950.00"
Americas,BOL,Bolivia,11206,52,2014,2,"2,870.00"
Africa,COG,Congo,22010,94,2014,2,"2,720.00"
Asia,TLS,Timor-Leste,316,86,2014,2,"2,680.00"
Europe,MDA,Moldova,3647,178,2014,2,"2,560.00"
Asia,BTN,Bhutan,112,,2014,2,"2,370.00"
Americas,HND,Honduras,11228,393,2014,2,"2,270.00"
Oceania,PNG,Papua New Guinea,3877,315,2014,2,"2,240.00"
Asia,UZB,Uzbekistan,9002,,2014,2,"2,090.00"
Asia,VNM,Vietnam,,,2014,2,"1,890.00"
Americas,NIC,Nicaragua,8040,375,2014,2,"1,870.00"
Asia,SYR,Syria,10743,421,2014,2,"1,860.00"
Oceania,SLB,Solomon Islands,781,48,2014,2,"1,830.00"
Africa,SDN,Sudan,22693,,2014,2,"1,710.00"
Africa,ZMB,Zambia,15009,2417,2014,2,"1,680.00"
Africa,STP,Sao Tome and Principe,345,22,2014,2,"1,670.00"
Asia,LAO,Laos,,,2014,2,"1,660.00"
Africa,GHA,Ghana,23205,130,2014,2,"1,590.00"
Asia,IND,India,252331,129578,2014,2,"1,570.00"
Africa,CIV,Cote dIvoire (IvoryCoast),7711,114,2014,2,"1,450.00"
Asia,PAK,Pakistan,30892,1695,2014,2,"1,400.00"
Africa,CMR,Cameroon,6493,43,2014,2,"1,350.00"
Africa,LSO,Lesotho,586,253,2014,2,"1,330.00"
Asia,YEM,Yemen,3097,806,2014,2,"1,300.00"
Africa,KEN,Kenya,4370,321,2014,2,"1,290.00"
Africa,MRT,Mauritania,5968,48,2014,2,"1,270.00"
Asia,MMR,Myanmar,17652,,2014,2,"1,270.00"
Asia,KGZ,Kyrgyzstan,3520,427,2014,2,"1,250.00"
Asia,BGD,Bangladesh,9355,130,2014,2,"1,080.00"
Asia,TJK,Tajikistan,1885,,2014,2,"1,080.00"
Africa,SEN,Senegal,2699,397,2014,2,"1,050.00"
Asia,KHM,Cambodia,13035,484,2014,1,"1,020.00"
Africa,TCD,Chad,5518,70,2014,1,980.00
Africa,SSD,South Sudan,,,2014,1,970.00
Africa,TZA,Tanzania,,,2014,1,920.00
Africa,BEN,Benin,1581,172,2014,1,890.00
Africa,ZWE,Zimbabwe,3546,487,2014,1,840.00
Americas,HTI,Haiti,1209,2,2014,1,820.00
Africa,COM,Comoros,121,,2014,1,790.00
Asia,NPL,Nepal,541,,2014,1,730.00
Africa,BFA,Burkina Faso,1679,276,2014,1,700.00
Africa,RWA,Rwanda,1105,13,2014,1,700.00
Africa,SLE,Sierra Leone,1365,,2014,1,700.00
Asia,AFG,Afghanistan,1692,,2014,1,680.00
Africa,UGA,Uganda,9917,50,2014,1,670.00
Africa,MLI,Mali,3109,45,2014,1,650.00
Africa,MOZ,Mozambique,25577,10,2014,1,600.00
Africa,TGO,Togo,1685,1843,2014,1,570.00
Africa,ETH,Ethiopia,7264,,2014,1,550.00
Africa,GNB,Guinea-Bissau,123,5,2014,1,550.00
Africa,ERI,Eritrea,837,,2014,1,480.00
Africa,GIN,Guinea,2584,68,2014,1,470.00
Africa,GMB,"Gambia, The",340,,2014,1,450.00
Africa,MDG,Madagascar,6277,6,2014,1,440.00
Africa,NER,Niger,5133,130,2014,1,410.00
Africa,COD,Democratic Republic of the Congo,,,2014,1,380.00
Africa,LBR,Liberia,6570,4345,2014,1,370.00
Africa,CAF,Central African Republic,623,43,2014,1,320.00
Africa,BDI,Burundi,48,1,2014,1,270.00
Africa,MWI,Malawi,1239,24,2014,1,250.00
Oceania,ASM,American Samoa,,,2014,3,
Americas,ABW,Aruba,3941,698,2014,4,
Americas,CYM,Cayman Islands,187094,136700,2014,4,
Oceania,COK,Cook Islands,836,5037,2014,0,
Africa,DJI,Djibouti,1505,,2014,2,
Americas,FLK,Falkland Islands (Islas Malvinas),75,,2014,0,
Europe,FRO,Faroe Islands,,,2014,4,
Americas,GUF,French Guiana,,,2014,0,
Oceania,PYF,French Polynesia,908,327,2014,4,
Europe,GIB,Gibraltar,2569,,2014,0,
Americas,GRL,Greenland,,,2014,4,
Americas,GLP,Guadeloupe,,,2014,0,
Oceania,GUM,Guam,,,2014,4,
Americas,MTQ,Martinique,,,2014,0,
Americas,MSR,Montserrat,140,1,2014,0,
Oceania,NRU,Nauru,,22,2014,0,
Oceania,NCL,New Caledonia,15051,582,2014,4,
Oceania,NIU,Niue,,22,2014,0,
Asia,PRK,North Korea,2012,,2014,1,
Africa,REU,Reunion,,,2014,0,
Africa,SHN,Saint Helena,,,2014,0,
Americas,SPM,Saint Pierre and Miquelon,,,2014,0,
Africa,SOM,Somalia,988,,2014,1,
Asia,PSE,Palestine,2453,167,2014,2,"3,060.00"
Americas,TCA,Turks and Caicos Islands,,,2014,4,
Americas,VGB,"Virgin Islands, British",511367,584235,2014,0,
Americas,VIR,"Virgin Islands, U.S.",,,2014,4,
Africa,ESH,Western Sahara,,,2014,0,
Americas,BMU,Bermuda,1522.067552,934.8370614,2010,4,"110,440.00"
Europe,NOR,Norway,177317.5768,188996.2457,2010,5,"88,430.00"
Europe,LUX,Luxembourg,172257.2985,187026.6181,2010,5,"79,520.00"
Europe,CHE,Switzerland,610851.8519,1041312.899,2010,5,"77,360.00"
Asia,QAT,Qatar,30563.9533,12544.96187,2010,4,"66,890.00"
Europe,DNK,Denmark,96912.68951,165321.6468,2010,5,"60,820.00"
Europe,SWE,Sweden,347163.4046,374398.5573,2010,5,"53,900.00"
Europe,NLD,Netherlands,647722.7759,1004454.224,2010,5,"53,530.00"
Europe,AUT,Austria,160615.4577,181637.99,2010,5,"49,350.00"
Europe,FIN,Finland,86697.90257,137663.4139,2010,5,"49,330.00"
Americas,USA,United States,3422293,4809587,2010,5,"48,950.00"
Europe,BEL,Belgium,950885.2993,873314.8849,2010,5,"47,810.00"
Oceania,AUS,Australia,527063.5726,449740.3861,2010,5,"46,530.00"
Asia,MAC,Macao,13602.6348,549.5396592,2010,4,"45,890.00"
Asia,SGP,Singapore,632766.2136,458649.9417,2010,4,"44,790.00"
Europe,DEU,Germany,716704.2362,1463065.43,2010,5,"44,790.00"
Europe,IRL,Ireland,285575.3209,340113.6572,2010,5,"44,740.00"
Americas,CAN,Canada,591873.314,636711.9592,2010,5,"44,400.00"
Europe,FRA,France,630710.4174,1172993.796,2010,5,"43,790.00"
Asia,JPN,Japan,214879.7176,831075.6783,2010,5,"41,980.00"
Asia,KWT,Kuwait,11883.50199,28189.22039,2010,4,"41,220.00"
Europe,GBR,United Kingdom,1094833.227,1635791.375,2010,5,"40,480.00"
Europe,ITA,Italy,328058.4614,489659.8169,2010,5,"37,700.00"
Europe,ISL,Iceland,11783.89396,11466.206,2010,5,"36,670.00"
Asia,ARE,United Arab Emirates,77726.87081,55559.929,2010,4,"34,140.00"
Asia,HKG,Hong Kong,1067519.969,943937.7452,2010,4,"33,620.00"
Asia,BRN,Brunei,4140.092879,680.777,2010,4,"32,190.00"
Europe,ESP,Spain,628341.0031,653235.5305,2010,5,"32,130.00"
Asia,CYP,Cyprus,17482.18111,11999.33724,2010,4,"30,910.00"
Asia,ISR,Israel,60220.157,68972.353,2010,5,"29,640.00"
Oceania,NZL,New Zealand,61138.63866,16717.39784,2010,5,"29,340.00"
Europe,GRC,Greece,35025.8087,42623.44149,2010,5,"27,680.00"
Europe,SVN,Slovenia,10666.71118,8147.288326,2010,5,"24,540.00"
Europe,PRT,Portugal,114993.7686,62286.03311,2010,5,"22,960.00"
Americas,BHS,Bahamas,13437.799,2537.698,2010,4,"21,660.00"
Asia,KOR,South Korea,135499.7,144031.9,2010,5,"21,320.00"
Europe,MLT,Malta,131505.092,39067.92359,2010,4,"20,090.00"
Asia,TWN,Taiwan,62977,190803,2010,4,"19,900.00"
Europe,CZE,Czech Republic,128504.1171,14922.54813,2010,5,"19,210.00"
Asia,OMN,Oman,14987,2796,2010,4,"18,770.00"
Asia,BHR,Bahrain,15153.98936,7882.712766,2010,4,"18,660.00"
Asia,SAU,Saudi Arabia,176377.9,26528,2010,4,"18,470.00"
Europe,SVK,Slovakia,50328.09588,3456.504688,2010,5,"17,590.00"
Americas,PRI,Puerto Rico,,,2010,4,"16,640.00"
Americas,BRB,Barbados,4142.148266,3566.57356,2010,4,"15,860.00"
Americas,TTO,Trinidad and Tobago,17424.041,2119.101,2010,4,"15,770.00"
Europe,EST,Estonia,15261.38566,4851.170344,2010,5,"14,580.00"
Europe,HRV,Croatia,32273.16448,4314.491581,2010,4,"13,750.00"
Europe,HUN,Hungary,90845.19725,22313.96063,2010,5,"13,090.00"
Europe,POL,Poland,195409.2033,24213.5621,2010,5,"12,710.00"
Americas,KNA,Saint Kitts and Nevis,1597.6,50.957,2010,3,"12,650.00"
Americas,ATG,Antigua and Barbuda,2371.309,92.054,2010,3,"12,620.00"
Europe,LVA,Latvia,10935.46021,895.2539515,2010,3,"12,600.00"
Europe,LTU,Lithuania,13270.60041,2085.919001,2010,3,"12,430.00"
Africa,LBY,Libya,16334,16615,2010,3,"12,250.00"
Americas,VEN,Venezuela,36107,19171,2010,3,"11,530.00"
Americas,CHL,Chile,152645.1906,52419.23124,2010,3,"10,800.00"
Americas,ARG,Argentina,88455.485,30328.33551,2010,3,"10,490.00"
Americas,URY,Uruguay,12478.66,345.3405612,2010,3,"10,390.00"
Africa,SYC,Seychelles,1700.837006,247.2398916,2010,3,"10,190.00"
Europe,RUS,Russian Federation,490560,366301,2010,3,"9,980.00"
Asia,TUR,Turkey,187016,22509,2010,3,"9,960.00"
Americas,BRA,Brazil,682345.9369,191349.1975,2010,3,"9,650.00"
Americas,MEX,Mexico,363768.688,110014.302,2010,3,"8,840.00"
Europe,ROU,Romania,68093.35851,1510.707638,2010,3,"8,590.00"
Asia,LBN,Lebanon,44324.299,6831.159,2010,3,"8,450.00"
Asia,MYS,Malaysia,101620.1321,96963.69573,2010,3,"8,280.00"
Africa,GAB,Gabon,2870.527586,662.5630414,2010,3,"8,250.00"
Africa,GNQ,Equatorial Guinea,9412.551394,2.584,2010,4,"7,880.00"
Americas,SUR,Suriname,0,,2010,3,"7,780.00"
Asia,KAZ,Kazakhstan,82647.84332,16211.62589,2010,3,"7,440.00"
Americas,CRI,Costa Rica,14065.75663,649.608,2010,3,"7,100.00"
Americas,GRD,Grenada,1272.689,45.052,2010,3,"7,050.00"
Americas,PAN,Panama,20742.3,3373.5,2010,3,"7,010.00"
Europe,MNE,Montenegro,4231.211477,374.8958463,2010,3,"6,890.00"
Europe,BGR,Bulgaria,47231.02897,1565.090975,2010,3,"6,840.00"
Americas,DMA,Dominica,657.821,33.407,2010,3,"6,700.00"
Americas,LCA,Saint Lucia,2161.416,52.747,2010,3,"6,600.00"
Africa,ZAF,South Africa,179564.8109,83248.53731,2010,3,"6,250.00"
Americas,VCT,Saint Vincent and the Grenadines,1314.518,4.359,2010,3,"6,030.00"
Asia,IRN,Iran,28953.00195,1677.517,2010,3,"6,020.00"
Europe,BLR,Belarus,9904.2,204.8,2010,3,"5,990.00"
Europe,SRB,Serbia,24919.48594,2074.947454,2010,3,"5,850.00"
Americas,CUB,Cuba,,,2010,3,"5,570.00"
Americas,COL,Colombia,82976.895,23717.319,2010,3,"5,540.00"
Africa,BWA,Botswana,3350.641197,1006.957376,2010,3,"5,480.00"
Asia,AZE,Azerbaijan,7648,5789.937,2010,3,"5,370.00"
Asia,MDV,Maldives,1114.175,,2010,3,"5,360.00"
Americas,DOM,Dominican Republic,18905.555,89.5264618,2010,3,"5,280.00"
Europe,BIH,Bosnia and Herzegovina,6708.89036,194.9901963,2010,3,"4,780.00"
Europe,MKD,Macedonia,4350.633307,99.83417759,2010,3,"4,720.00"
Asia,THA,Thailand,139286.0291,21369.24,2010,3,"4,610.00"
Americas,JAM,Jamaica,10855.2,176.2,2010,3,"4,570.00"
Africa,DZA,Algeria,19526.77,1512.146,2010,3,"4,470.00"
Asia,IRQ,Iraq,7965.306,632,2010,2,"4,410.00"
Americas,ECU,Ecuador,11857.512,564.7176815,2010,3,"4,410.00"
Americas,PER,Peru,42975.85929,3318.782842,2010,3,"4,380.00"
Africa,NAM,Namibia,5333.856083,50.51571265,2010,3,"4,360.00"
Europe,ALB,Albania,3254.942938,153.9168697,2010,3,"4,360.00"
Asia,CHN,China,587817,317210.59,2010,3,"4,300.00"
Africa,TUN,Tunisia,31363.79442,287.2244245,2010,3,"4,170.00"
Asia,TKM,Turkmenistan,13442.3,,2010,2,"4,110.00"
Americas,BLZ,Belize,1236.35,49.4,2010,2,"3,970.00"
Asia,JOR,Jordan,21898.59155,473.0985915,2010,3,"3,820.00"
Oceania,FJI,Fiji,2692.223138,47.15581204,2010,2,"3,650.00"
Africa,AGO,Angola,16062.5007,6209.355,2010,2,"3,570.00"
Oceania,TON,Tonga,220.223,58.342,2010,2,"3,550.00"
Americas,SLV,El Salvador,7283.6,0.9,2010,2,"3,450.00"
Africa,CPV,Cape Verde,1251.597611,1.299095669,2010,2,"3,410.00"
Asia,ARM,Armenia,4404.728136,121.6326946,2010,2,"3,370.00"
Oceania,WSM,Samoa,151.577,12.86307754,2010,2,"3,230.00"
Asia,GEO,Georgia,8350.233515,847.8544852,2010,2,"3,000.00"
Europe,UKR,Ukraine,57985,7958,2010,2,"2,990.00"
Africa,MAR,Morocco,45081.58528,1913.975278,2010,2,"2,950.00"
Americas,PRY,Paraguay,3110.587,284.4502702,2010,2,"2,930.00"
Americas,GUY,Guyana,1783.746,1.511,2010,2,"2,900.00"
Asia,TLS,Timor-Leste,155.076,94,2010,2,"2,770.00"
Asia,PHL,Philippines,25896,6710,2010,2,"2,750.00"
Oceania,VUT,Vanuatu,452.7980891,22.52370094,2010,2,"2,690.00"
Americas,GTM,Guatemala,6517.51,381.7,2010,2,"2,680.00"
Africa,SWZ,Swaziland,926.7295977,90.76241028,2010,2,"2,600.00"
Asia,IDN,Indonesia,160735.059,6672.249,2010,2,"2,530.00"
Asia,LKA,Sri Lanka,5008.401843,380.1532222,2010,2,"2,430.00"
Africa,EGY,Egypt,73094.6,5448.4,2010,2,"2,390.00"
Africa,COG,Congo,9261.731,64.331,2010,2,"2,230.00"
Asia,MNG,Mongolia,4949.464742,2901.429533,2010,2,"2,000.00"
Oceania,KIR,Kiribati,4.576989332,1.572912951,2010,2,"1,990.00"
Asia,BTN,Bhutan,66.86863455,,2010,2,"1,990.00"
Americas,HND,Honduras,6950.877308,48.9643166,2010,2,"1,920.00"
Asia,SYR,Syria,9938.745135,420.627,2010,2,"1,860.00"
Europe,MDA,Moldova,2964.45,67.85,2010,2,"1,820.00"
Americas,BOL,Bolivia,6889.976195,7.700556,2010,2,"1,810.00"
Americas,NIC,Nicaragua,4680.6,130.7,2010,2,"1,480.00"
Africa,NGA,Nigeria,60326.67,5041.01,2010,2,"1,460.00"
Africa,ZMB,Zambia,7432.5,2530.785,2010,2,"1,310.00"
Asia,UZB,Uzbekistan,5365.9,,2010,2,"1,300.00"
Oceania,PNG,Papua New Guinea,3747.539743,225.6333013,2010,2,"1,270.00"
Asia,VNM,Vietnam,57004.298,2234,2010,2,"1,270.00"
Africa,GHA,Ghana,10079.69,82.92,2010,2,"1,260.00"
Asia,IND,India,205580.1722,96900.60254,2010,2,"1,260.00"
Asia,YEM,Yemen,4857.562,512.6899127,2010,2,"1,250.00"
Africa,CIV,Cote d'Ivoire,6978.238462,93.64611173,2010,2,"1,210.00"
Africa,SDN,Sudan,,,2010,2,"1,200.00"
Africa,STP,Sao Tome and Principe,259.84,21.2,2010,2,"1,190.00"
Africa,CMR,Cameroon,4488.4597,678.61892,2010,2,"1,170.00"
Africa,LSO,Lesotho,724.12,336.47,2010,2,"1,160.00"
Africa,MRT,Mauritania,2372.22,30.849,2010,2,"1,140.00"
Asia,PAK,Pakistan,19829,1362,2010,2,"1,080.00"
Africa,SSD,South Sudan,,,2010,0,"1,060.00"
Africa,SEN,Senegal,1699.347337,262.5073333,2010,2,"1,040.00"
Africa,DJI,Djibouti,878.4729998,,2010,2,
Asia,LAO,Laos,1887.748,11.677,2010,2,"1,000.00"
Africa,KEN,Kenya,2281.997,290.167,2010,1,"1,000.00"
Oceania,SLB,Solomon Islands,654.1097378,26.82133198,2010,2,910.00
Africa,TCD,Chad,3594.650184,70.255,2010,1,910.00
Asia,KGZ,Kyrgyzstan,1697.615,1522.33,2010,1,850.00
Asia,BGD,Bangladesh,6072.07,98.33,2010,1,780.00
Africa,BEN,Benin,604.1164201,21.42135454,2010,1,760.00
Africa,COM,Comoros,59.515,,2010,1,760.00
Asia,KHM,Cambodia,6162.216992,340.0430314,2010,1,750.00
Asia,TJK,Tajikistan,1164.109,,2010,1,730.00
Africa,MLI,Mali,1963.596327,17.6080438,2010,1,730.00
Africa,TZA,Tanzania,9712,,2010,1,700.00
Americas,HTI,Haiti,649.37,2.004859125,2010,1,650.00
Africa,BFA,Burkina Faso,353.8536438,7.577732873,2010,1,610.00
Africa,GMB,"Gambia, The",322.7602556,,2010,1,590.00
Africa,RWA,Rwanda,422.08,12.94,2010,1,550.00
Africa,UGA,Uganda,5575.238185,62.92263741,2010,1,550.00
Asia,NPL,Nepal,252.6080743,,2010,1,540.00
Africa,GNB,Guinea-Bissau,62.5488886,4.715712796,2010,1,540.00
Asia,AFG,Afghanistan,1391.644,,2010,1,520.00
Africa,ZWE,Zimbabwe,1814.45,296.612,2010,1,500.00
Africa,SLE,Sierra Leone,482.2,,2010,1,470.00
Africa,CAF,Central African Republic,510.6174548,43.16908224,2010,1,470.00
Africa,MOZ,Mozambique,4688.242414,2.7866773,2010,1,460.00
Africa,TGO,Togo,565.4822045,125.7761065,2010,1,450.00
Africa,MWI,Malawi,1149.809351,89.64993601,2010,1,440.00
Africa,MDG,Madagascar,4382.606751,6.387,2010,1,420.00
Africa,GIN,Guinea,486.1,143.59,2010,1,390.00
Africa,ETH,Ethiopia,4206.28,,2010,1,380.00
Africa,ERI,Eritrea,666.4251181,,2010,1,380.00
Africa,NER,Niger,2251.203882,9.129945897,2010,1,360.00
Africa,COD,Democratic Republic of the Congo,3993.956667,224.1261079,2010,1,300.00
Africa,LBR,Liberia,4956.4967,4714.285273,2010,1,250.00
Africa,BDI,Burundi,5.837728195,1.407707911,2010,1,200.00
Oceania,PYF,French Polynesia,391.7147714,144.213,2010,4,
Americas,GRL,Greenland,,,2010,4,
Oceania,GUM,Guam,,,2010,4,
Oceania,NCL,New Caledonia,5899.916,299.802,2010,4,
Asia,MMR,Myanmar,14506.851,,2010,1,
Asia,PRK,North Korea,1474.896667,,2010,1,
Africa,SOM,Somalia,566.19,,2010,1,
Americas,TCA,Turks and Caicos Islands,,,2010,4,
Oceania,ASM,American Samoa,,,2010,3,
Americas,ABW,Aruba,4525.139665,679.0111732,2010,4,
Americas,CYM,Cayman Islands,133420.88,88061.867,2010,4,
Oceania,COK,Cook Islands,835.614,2029.436,2010,0,
Americas,FLK,Falkland Islands,,,2010,0,
Europe,FRO,Faroe Islands,,,2010,4,
Americas,GUF,French Guiana,,,2010,0,
Europe,GIB,Gibraltar,1903.093155,,2010,4,
Americas,GLP,Guadeloupe,,,2010,0,
Americas,MTQ,Martinique,,,2010,0,
Americas,MSR,Montserrat,124.815,1.225,2010,0,
Oceania,NRU,Nauru,,22.401,2010,0,
Oceania,NIU,Niue,,22.928,2010,0,
Africa,REU,Reunion,,,2010,0,
Africa,SHN,Saint Helena,,,2010,0,
Americas,SPM,Saint Pierre and Miquelon,,,2010,0,
Asia,PSE,Palestine,2175.3,241,2010,2,"2,310.00"
Americas,VGB,"Virgin Islands, British",,,2010,0,
Americas,VIR,"Virgin Islands, U.S.",,,2010,4,
Africa,ESH,Western Sahara,,,2010,0,
Europe,LUX,Luxembourg,64729.34946,60795.7657,2005,5,"66,390.00"
Europe,NOR,Norway,79135.74594,99872.67356,2005,5,"63,790.00"
Europe,CHE,Switzerland,170156.2809,431980.0654,2005,5,"61,550.00"
Europe,ISL,Iceland,4708.637663,10091.40997,2005,5,"50,730.00"
Europe,DNK,Denmark,74650.93847,88075.77363,2005,5,"49,620.00"
Americas,USA,United States,2817970,3637996,2005,5,"46,340.00"
Europe,SWE,Sweden,171902.2851,207835.8713,2005,5,"45,350.00"
Europe,IRL,Ireland,163530.0405,104152.1908,2005,5,"44,500.00"
Europe,NLD,Netherlands,501346.7457,664393.1563,2005,5,"42,390.00"
Europe,GBR,United Kingdom,851012.6491,1215512.937,2005,5,"41,150.00"
Europe,FIN,Finland,54801.83986,81860.50517,2005,5,"40,100.00"
Asia,QAT,Qatar,7155.03,948.477,2005,4,"39,560.00"
Asia,JPN,Japan,100901.1121,386584.9708,2005,5,"39,140.00"
Europe,AUT,Austria,82551.38762,71806.89108,2005,5,"38,500.00"
Asia,ARE,United Arab Emirates,27507.718,9542.233,2005,4,"38,390.00"
Europe,BEL,Belgium,378156.4353,478170.2378,2005,5,"37,850.00"
Europe,FRA,France,379384.5032,633522.5966,2005,5,"36,000.00"
Europe,DEU,Germany,476011.3865,927488.5481,2005,5,"35,880.00"
Asia,KWT,Kuwait,645.2054795,5893.493151,2005,4,"34,600.00"
Americas,CAN,Canada,341629.8841,388316.8742,2005,5,"33,960.00"
Europe,ITA,Italy,237473.6484,244550.6699,2005,5,"32,390.00"
Oceania,AUS,Australia,247747.8998,205367.7684,2005,5,"30,310.00"
Americas,GRL,Greenland,,,2005,4,"29,970.00"
Asia,SGP,Singapore,237009.434,188456.0149,2005,4,"28,370.00"
Asia,HKG,Hong Kong,493894.7436,476192.841,2005,4,"26,930.00"
Europe,ESP,Spain,384538.478,305426.6055,2005,5,"25,930.00"
Oceania,NZL,New Zealand,44093.97848,11777.97311,2005,5,"25,520.00"
Asia,MAC,Macao,5041.75483,486.471936,2005,4,"24,760.00"
Asia,CYP,Cyprus,8482.85003,3587.195315,2005,4,"23,580.00"
Americas,BHS,Bahamas,6789.919,970.028,2005,4,"23,510.00"
Asia,BRN,Brunei,2124.607,639.919,2005,4,"23,290.00"
Europe,GRC,Greece,29189.32183,13601.9432,2005,5,"22,730.00"
Asia,ISR,Israel,30811.084,23113.859,2005,4,"21,220.00"
Europe,PRT,Portugal,66696.64053,40926.51367,2005,5,"18,550.00"
Europe,SVN,Slovenia,7055.762564,3276.005653,2005,4,"18,440.00"
Asia,KOR,South Korea,104879.1,38683.1,2005,5,"17,800.00"
Asia,BHR,Bahrain,8276.041819,5070.465238,2005,4,"16,970.00"
Asia,TWN,Taiwan,43158,103332,2005,4,"16,900.00"
Americas,PRI,Puerto Rico,,,2005,4,"14,750.00"
Europe,MLT,Malta,4300.54915,991.5811876,2005,4,"14,390.00"
Americas,BRB,Barbados,617.027,46.999309,2005,3,"13,620.00"
Asia,SAU,Saudi Arabia,33535,7551.798147,2005,4,"12,460.00"
Europe,CZE,Czech Republic,60662.27428,3610.407516,2005,3,"12,380.00"
Americas,ATG,Antigua and Barbuda,1322.978,76.857,2005,4,"11,920.00"
Europe,SVK,Slovakia,29594.70928,746.9165586,2005,3,"11,280.00"
Americas,TTO,Trinidad and Tobago,11652.041,1049.1,2005,3,"11,210.00"
Africa,SYC,Seychelles,809.3510533,196.8323574,2005,3,"11,140.00"
Americas,KNA,Saint Kitts and Nevis,903.526,26.707,2005,3,"10,970.00"
Asia,OMN,Oman,4378,364,2005,3,"10,640.00"
Europe,HUN,Hungary,61110.29263,8636.51154,2005,3,"10,430.00"
Europe,HRV,Croatia,13331.51985,1966.092615,2005,3,"9,870.00"
Europe,EST,Estonia,11191.96445,1892.016143,2005,3,"9,710.00"
Americas,MEX,Mexico,234149.18,51781.549,2005,3,"7,720.00"
Europe,LTU,Lithuania,8211.047351,721.1050787,2005,3,"7,580.00"
Europe,LVA,Latvia,4906.373094,280.7686455,2005,3,"7,360.00"
Europe,POL,Poland,88185.14126,3616.104376,2005,3,"7,320.00"
Africa,LBY,Libya,2021.497,2418.667,2005,3,"6,860.00"
Americas,GRD,Grenada,696.301,12.816,2005,3,"6,760.00"
Asia,TUR,Turkey,71322,8315,2005,3,"6,510.00"
Americas,CHL,Chile,78599.43169,22588.63395,2005,3,"6,340.00"
Asia,LBN,Lebanon,25688.028,2509.239,2005,3,"5,740.00"
Africa,GAB,Gabon,488.398,234.04,2005,3,"5,580.00"
Americas,LCA,Saint Lucia,1201.485,27.548,2005,3,"5,360.00"
Asia,MYS,Malaysia,44459.52381,22034.92063,2005,3,"5,250.00"
Americas,DMA,Dominica,408.143,21.582,2005,3,"5,140.00"
Africa,ZAF,South Africa,96693.28063,31037.62846,2005,3,"5,050.00"
Americas,VCT,Saint Vincent and the Grenadines,716.081,1.124,2005,3,"4,950.00"
Americas,ARG,Argentina,55138.774,23339.86583,2005,3,"4,940.00"
Americas,VEN,Venezuela,44518,9429,2005,3,"4,920.00"
Americas,CRI,Costa Rica,5416.881,153.60874,2005,3,"4,890.00"
Americas,PAN,Panama,10167.1,0,2005,3,"4,880.00"
Africa,BWA,Botswana,1664.062235,1188.818143,2005,3,"4,760.00"
Americas,URY,Uruguay,2843.7,158.8,2005,3,"4,720.00"
Africa,GNQ,Equatorial Guinea,4123.967,2.584,2005,3,"4,660.00"
Europe,RUS,Russian Federation,180228,146679,2005,3,"4,450.00"
Americas,CUB,Cuba,,,2005,2,"3,960.00"
Europe,ROU,Romania,25383.49104,213.1718245,2005,3,"3,930.00"
Americas,JAM,Jamaica,6918.5,48.6,2005,2,"3,920.00"
Americas,BRA,Brazil,181344.3487,79259.26522,2005,2,"3,910.00"
Europe,BGR,Bulgaria,13869.13704,123.51461,2005,2,"3,760.00"
Americas,BLZ,Belize,608.4,43.5,2005,3,"3,680.00"
Europe,MNE,Montenegro,,,2005,0,"3,660.00"
Europe,SRB,Serbia and Montenegro,,,2005,3,"3,630.00"
Oceania,FJI,Fiji,1121.668864,68.37068027,2005,2,"3,590.00"
Asia,MDV,Maldives,330.826,,2005,2,"3,560.00"
Africa,NAM,Namibia,2453.440243,25.61264822,2005,2,"3,390.00"
Americas,SUR,Suriname,0,,2005,2,"3,240.00"
Africa,TUN,Tunisia,16839.51885,52.07569312,2005,2,"3,190.00"
Europe,BIH,Bosnia and Herzegovina,2301.581883,50.78050546,2005,2,"3,070.00"
Europe,MKD,Macedonia,2086.860145,62.05105035,2005,2,"3,010.00"
Asia,KAZ,Kazakhstan,25607.4178,,2005,2,"2,950.00"
Americas,COL,Colombia,36986.561,9098.331,2005,2,"2,920.00"
Asia,IRN,Iran,16005.28937,679.935,2005,2,"2,910.00"
Americas,DOM,Dominican Republic,8865.91,34.7232376,2005,2,"2,910.00"
Americas,ECU,Ecuador,9860.846,274.7725704,2005,2,"2,900.00"
Americas,SLV,El Salvador,4166.5,310.1,2005,2,"2,870.00"
Europe,BLR,Belarus,2382.8,13.9,2005,2,"2,820.00"
Asia,THA,Thailand,61413.32061,5167.727579,2005,2,"2,770.00"
Africa,DZA,Algeria,8216.77,574.046,2005,2,"2,710.00"
Europe,ALB,Albania,1020.444875,20.59361943,2005,2,"2,670.00"
Americas,PER,Peru,15889.17121,1047.427893,2005,2,"2,540.00"
Asia,JOR,Jordan,13228.79158,449.6480249,2005,2,"2,530.00"
Oceania,TON,Tonga,87.947,42.824,2005,2,"2,500.00"
Africa,SWZ,Swaziland,786.1501976,75.76284585,2005,2,"2,390.00"
Oceania,WSM,Samoa,62.685,11.95890589,2005,2,"2,370.00"
Africa,CPV,Cape Verde,360.0579526,0,2005,2,"2,110.00"
Africa,MAR,Morocco,20751.54064,665.6323653,2005,2,"2,070.00"
Americas,GTM,Guatemala,3319.2,250.3,2005,2,"1,990.00"
Oceania,VUT,Vanuatu,181.0469153,13.48704709,2005,2,"1,780.00"
Oceania,KIR,Kiribati,5.584760996,0.761807843,2005,2,"1,760.00"
Asia,CHN,China,272094,57205.62,2005,2,"1,750.00"
Asia,TKM,Turkmenistan,2393.12,,2005,2,"1,600.00"
Europe,UKR,Ukraine,17209,468,2005,2,"1,540.00"
Asia,SYR,Syria,2532,428.444,2005,2,"1,530.00"
Asia,ARM,Armenia,1382.806929,7.303419765,2005,2,"1,520.00"
Asia,PHL,Philippines,14978,2028,2005,2,"1,520.00"
Asia,GEO,Georgia,2373.600311,148.0461584,2005,2,"1,410.00"
Americas,HND,Honduras,2869.821369,27.75745798,2005,2,"1,390.00"
Asia,AZE,Azerbaijan,11930,3685,2005,2,"1,270.00"
Africa,EGY,Egypt,28881.9,967.3,2005,2,"1,240.00"
Americas,PRY,Paraguay,1127.092,45.44477838,2005,2,"1,230.00"
Asia,IDN,Indonesia,41187,,2005,2,"1,220.00"
Asia,LKA,Sri Lanka,2446.879206,168.7865556,2005,2,"1,220.00"
Asia,BTN,Bhutan,21.60213026,,2005,1,"1,220.00"
Americas,NIC,Nicaragua,2461,112.7,2005,2,"1,180.00"
Africa,AGO,Angola,16336.4997,1190.162,2005,2,"1,170.00"
Americas,GUY,Guyana,988.946,1.511,2005,2,"1,060.00"
Americas,BOL,Bolivia,4904.5,87.17,2005,2,"1,030.00"
Africa,DJI,Djibouti,158.7352581,,2005,2,"1,030.00"
Africa,COG,Congo,3006.375,57.697,2005,2,980.00
Africa,CIV,Cote d'Ivoire,4511.74652,49.0345067,2005,1,940.00
Asia,TLS,Timor-Leste,19.228,0,2005,1,910.00
Africa,LSO,Lesotho,190.4,56.67,2005,2,910.00
Asia,MNG,Mongolia,734.36,2.3,2005,1,900.00
Oceania,SLB,Solomon Islands,118.65,0,2005,1,900.00
Africa,CMR,Cameroon,2941.061,260.091,2005,2,900.00
Europe,MDA,Moldova,1020.18,25.07,2005,2,890.00
Africa,STP,Sao Tome and Principe,40.64,14.6,2005,1,780.00
Africa,SEN,Senegal,358.2225643,58.28748806,2005,1,770.00
Asia,PAK,Pakistan,10209,870,2005,1,740.00
Asia,IND,India,43201.5755,9741.302563,2005,1,730.00
Oceania,PNG,Papua New Guinea,1068.805354,212.172,2005,1,700.00
Asia,YEM,Yemen,803.304,200.33,2005,1,690.00
Africa,MRT,Mauritania,1608.018,9.412,2005,1,690.00
Asia,VNM,Vietnam,22444.301,65,2005,1,680.00
Africa,NGA,Nigeria,26345,302,2005,1,660.00
Africa,COM,Comoros,24.25,,2005,1,620.00
Africa,BEN,Benin,284.3371934,19.59401982,2005,1,590.00
Africa,SDN,Sudan,,,2005,1,560.00
Africa,ZMB,Zambia,5409,0,2005,1,550.00
Asia,BGD,Bangladesh,3537.15,94,2005,1,540.00
Asia,UZB,Uzbekistan,1297.2,,2005,1,530.00
Africa,KEN,Kenya,1113.655,138.838,2005,1,530.00
Africa,GHA,Ghana,2144.55,0,2005,1,470.00
Africa,TCD,Chad,3039.982,70.255,2005,1,470.00
Asia,LAO,Laos,680.848,14.903,2005,1,460.00
Asia,KHM,Cambodia,2470.998,267.0034332,2005,1,460.00
Asia,KGZ,Kyrgyzstan,627.1988998,147.54,2005,1,450.00
Africa,MLI,Mali,871.5948759,7.866382993,2005,1,450.00
Africa,ZWE,Zimbabwe,1383.05,242.202,2005,1,430.00
Americas,HTI,Haiti,151,2.004859125,2005,1,420.00
Africa,TZA,Tanzania,4438.8,,2005,1,410.00
Africa,BFA,Burkina Faso,75.36728671,7.409578859,2005,1,410.00
Africa,GMB,"Gambia, The",372.4512655,,2005,1,400.00
Africa,GNB,Guinea-Bissau,5.929461529,0.66002802,2005,1,390.00
Africa,TGO,Togo,234.725387,,2005,1,360.00
Africa,MOZ,Mozambique,2658.71717,0.4,2005,1,350.00
Africa,GIN,Guinea,580.69,17.49,2005,1,340.00
Africa,CAF,Central African Republic,198.2874548,43.16908224,2005,1,340.00
Asia,TJK,Tajikistan,305.8002,,2005,1,320.00
Africa,SLE,Sierra Leone,299.888,,2005,1,320.00
Asia,NPL,Nepal,127.06,,2005,1,310.00
Africa,UGA,Uganda,2024.365473,0,2005,1,300.00
Africa,MWI,Malawi,614.3883148,8.36962054,2005,1,300.00
Africa,MDG,Madagascar,250.298636,6.387,2005,1,290.00
Africa,RWA,Rwanda,77.27356207,0,2005,1,270.00
Africa,ERI,Eritrea,422.8430043,,2005,1,260.00
Asia,AFG,Afghanistan,583.577,,2005,1,250.00
Africa,NER,Niger,99.9645707,1.915340166,2005,1,250.00
Africa,COD,Democratic Republic of the Congo,908.25,95.409,2005,1,200.00
Africa,ETH,Ethiopia,2820.752,,2005,1,160.00
Africa,BDI,Burundi,47.41921797,2.349347961,2005,1,130.00
Africa,LBR,Liberia,3788.0457,2929.487649,2005,1,120.00
Americas,BMU,Bermuda,1200.2,241.2,2005,4,
Oceania,ASM,American Samoa,,,2005,3,
Oceania,COK,Cook Islands,834.879,294.723,2005,0,
Americas,ABW,Aruba,2383.240223,645.2681564,2005,4,
Americas,FLK,Falkland Islands (Islas Malvinas),,,2005,0,
Americas,GUF,French Guiana,,,2005,0,
Americas,CYM,Cayman Islands,46513.227,37796.086,2005,4,
Europe,GIB,Gibraltar,1104.058,,2005,0,
Americas,GLP,Guadeloupe,,,2005,0,
Oceania,PYF,French Polynesia,202.7900183,44.734,2005,4,
Asia,IRQ,Iraq,1760.306,88.7,2005,2,
Americas,MTQ,Martinique,,,2005,0,
Oceania,GUM,Guam,,,2005,4,
Americas,MSR,Montserrat,95.137,1.177,2005,0,
Oceania,NRU,Nauru,,22.29,2005,0,
Oceania,NCL,New Caledonia,365.626,64.355,2005,4,
Oceania,NIU,Niue,,16.625,2005,0,
Asia,PRK,North Korea,1429.36,,2005,1,
Africa,REU,Reunion,,,2005,0,
Africa,SHN,Saint Helena,,,2005,0,
Asia,MMR,Myanmar,6480.434,,2005,1,
Africa,SSD,South Sudan,,,2005,0,
Europe,FRO,Faroe Islands,,,2005,4,
Americas,SPM,Saint Pierre and Miquelon,,,2005,0,
Africa,SOM,Somalia,22.19,,2005,1,
Asia,PSE,Palestine,1559.84,0,2005,2,"1,660.00"
Americas,TCA,Turks and Caicos Islands,,,2005,0,
Americas,VGB,"Virgin Islands, British",,,2005,0,
Americas,VIR,"Virgin Islands, U.S.",,,2005,4,
Africa,ESH,Western Sahara,,,2005,0,
Europe,CHE,Switzerland,86804.21632,232160.8921,2000,5,"43,490.00"
Europe,LUX,Luxembourg,0,0,2000,5,"42,250.00"
Europe,NOR,Norway,30265.01667,34025.65407,2000,5,"36,560.00"
Americas,USA,United States,2783235,2694014,2000,5,"36,070.00"
Asia,JPN,Japan,50322.01915,278442.1236,2000,5,"34,980.00"
Europe,DNK,Denmark,73573.96671,73100.18079,2000,5,"32,660.00"
Europe,ISL,Iceland,497.4734357,663.4710744,2000,5,"31,540.00"
Europe,SWE,Sweden,93791.19853,123618.4723,2000,5,"31,220.00"
Europe,NLD,Netherlands,243732.8904,305461.3889,2000,5,"28,560.00"
Europe,GBR,United Kingdom,463134.4279,923366.5249,2000,5,"27,400.00"
Asia,HKG,Hong Kong,435417.137,379284.7614,2000,4,"26,930.00"
Europe,AUT,Austria,31164.87731,24820.64223,2000,5,"26,690.00"
Europe,FIN,Finland,24272.57163,52109.16636,2000,5,"26,420.00"
Europe,DEU,Germany,271613.2094,541866.0265,2000,5,"26,210.00"
Europe,BEL,Belgium,195219,179773,2000,5,"26,040.00"
Europe,FRA,France,184214.9829,365871.0884,2000,5,"25,150.00"
Europe,IRL,Ireland,127088.7419,27925.26217,2000,5,"24,200.00"
Asia,SGP,Singapore,110570.3044,56755.20278,2000,4,"23,670.00"
Americas,CAN,Canada,212715.6379,237638.9815,2000,5,"22,520.00"
Europe,ITA,Italy,122533.0095,169956.9178,2000,5,"21,820.00"
Oceania,AUS,Australia,121685.8259,92508.24077,2010,5,"21,110.00"
Americas,BHS,Bahamas,3277.889,452.158,2000,4,"20,330.00"
Americas,GRL,Greenland,,,2000,4,"20,290.00"
Asia,KWT,Kuwait,608.4549115,1427.910244,2000,4,"19,050.00"
Asia,ISR,Israel,20425.728,9091.161,2000,4,"18,800.00"
Oceania,PYF,French Polynesia,138.58,0,2000,4,"15,990.00"
Europe,ESP,Spain,156348.2427,129193.6149,2000,5,"15,900.00"
Asia,TWN,Taiwan,19502,66655,2000,4,"15,100.00"
Asia,BRN,Brunei,3867.836,512.313,2000,4,"14,800.00"
Asia,MAC,Macao,2801,0,2000,4,"14,640.00"
Asia,CYP,Cyprus,2845.92,556.871,2000,4,"14,070.00"
Oceania,NZL,New Zealand,24956.5821,8490.922617,2000,5,"14,070.00"
Oceania,NCL,New Caledonia,66.744,1.737,2000,4,"14,020.00"
Europe,GRC,Greece,14112.8,6093.8,2000,5,"13,310.00"
Europe,PRT,Portugal,32043.22735,19793.6149,2000,5,"12,140.00"
Europe,SVN,Slovenia,2893.671663,767.9423834,2000,4,"11,350.00"
Americas,BRB,Barbados,307.78,40.733,2000,4,"11,070.00"
Asia,BHR,Bahrain,5905.835357,1752.123,2000,3,"10,900.00"
Asia,KOR,South Korea,43738,21497.4,2000,3,"10,750.00"
Europe,MLT,Malta,2263.245215,192.6890545,2000,4,"10,510.00"
Americas,PRI,Puerto Rico,,,2000,3,"10,310.00"
Americas,ATG,Antigua and Barbuda,619.207,5.055,2000,3,"8,620.00"
Americas,KNA,Saint Kitts and Nevis,487.223,2.785,2000,3,"8,300.00"
Asia,SAU,Saudi Arabia,17577,5284.548147,2000,3,"7,860.00"
Americas,ARG,Argentina,67600.51,21140.6902,2000,3,"7,440.00"
Africa,SYC,Seychelles,515.2300092,130.4245657,2000,3,"7,290.00"
Asia,OMN,Oman,2576.545489,0,2000,3,"7,160.00"
Americas,URY,Uruguay,2088,138.2,2000,3,"7,050.00"
Europe,CZE,Czech Republic,21643.65694,737.8229709,2000,3,"6,320.00"
Americas,MEX,Mexico,121691.036,8273.376,2000,3,"5,750.00"
Europe,SVK,Slovakia,6969.92342,554.976784,2000,3,"5,520.00"
Asia,LBN,Lebanon,14232.952,351.651,2000,3,"5,470.00"
Americas,TTO,Trinidad and Tobago,7280.341,293,2000,3,"5,420.00"
Europe,HRV,Croatia,2664.127522,759.9049419,2000,3,"5,290.00"
Americas,CHL,Chile,45753.4,11154,2000,3,"5,020.00"
Europe,POL,Poland,33476.6785,267.8061267,2000,3,"4,690.00"
Europe,HUN,Hungary,22869.88937,1279.850701,2000,3,"4,660.00"
Americas,LCA,Saint Lucia,806.511,4.496,2000,3,"4,410.00"
Asia,TUR,Turkey,18812,3668,2000,3,"4,200.00"
Europe,EST,Estonia,2645.414026,259.1444975,2000,3,"4,150.00"
Americas,VEN,Venezuela,35480,7676,2000,3,"4,070.00"
Americas,PAN,Panama,6774.9,0,2000,3,"3,880.00"
Americas,GRD,Grenada,347.899,1.989,2000,3,"3,860.00"
Americas,BRA,Brazil,122250.3091,51946.186,2000,3,"3,840.00"
Americas,CRI,Costa Rica,2709.128,86.0544,2000,3,"3,710.00"
Americas,DMA,Dominica,275.204,2.752,2000,3,"3,600.00"
Americas,VCT,Saint Vincent and the Grenadines,498.967,0.037,2000,2,"3,470.00"
Asia,MYS,Malaysia,52747.49047,15877.58105,2000,3,"3,420.00"
Europe,LVA,Latvia,1691.650616,19.54051866,2000,2,"3,310.00"
Americas,JAM,Jamaica,3316.9,709.4,2000,2,"3,290.00"
Europe,LTU,Lithuania,2334.3125,29.3175,2000,2,"3,220.00"
Americas,BLZ,Belize,300.801,43.3905,2000,2,"3,150.00"
Africa,ZAF,South Africa,43451.01407,27327.73997,2000,3,"3,140.00"
Africa,GAB,Gabon,,279.836,2000,3,"3,090.00"
Africa,BWA,Botswana,1826.6557,516.5677284,2000,3,"3,000.00"
Americas,DOM,Dominican Republic,1672.8,67.66146646,2000,2,"2,630.00"
Americas,CUB,Cuba,,,2000,2,"2,620.00"
Americas,COL,Colombia,11157.197,2989.329,2000,2,"2,320.00"
Africa,TUN,Tunisia,11544.79174,33.2058038,2000,2,"2,310.00"
Oceania,FJI,Fiji,356.4843832,38.9790419,2000,2,"2,230.00"
Americas,SLV,El Salvador,1973.07383,103.9,2000,2,"2,160.00"
Africa,NAM,Namibia,1276.329524,44.94946158,2000,2,"2,110.00"
Oceania,TON,Tonga,18.93,14.397,2000,2,"2,030.00"
Asia,THA,Thailand,30944,3232,2000,2,"1,990.00"
Americas,PER,Peru,11061.94359,505.1353555,2000,2,"1,970.00"
Americas,SUR,Suriname,0,,2000,2,"1,870.00"
Europe,MKD,Macedonia,539.7379709,16.10697038,2000,2,"1,860.00"
Asia,JOR,Jordan,3135.110205,44.28779166,2000,2,"1,800.00"
Asia,IRN,Iran,2597.461,414.017,2000,2,"1,760.00"
Europe,ROU,Romania,6952.998539,136.2253301,2000,2,"1,720.00"
Europe,RUS,Russian Federation,32204,20141,2000,2,"1,710.00"
Europe,BGR,Bulgaria,2703.687575,67.02770101,2000,2,"1,660.00"
Americas,GTM,Guatemala,3419.8943,92.8,2000,2,"1,660.00"
Oceania,WSM,Samoa,50.978,0,2000,2,"1,600.00"
Africa,DZA,Algeria,3378.87,205.346,2000,2,"1,590.00"
Americas,ECU,Ecuador,6337.15,252.3762699,2000,2,"1,540.00"
Europe,SRB,Serbia and Montenegro,,,2000,2,"1,530.00"
Africa,SWZ,Swaziland,536.0375239,87.20354099,2000,2,"1,520.00"
Europe,BIH,Bosnia and Herzegovina,450.3442107,0,2000,2,"1,470.00"
Oceania,VUT,Vanuatu,60.9957,0,2000,2,"1,430.00"
Africa,EGY,Egypt,19955,655.12,2000,2,"1,420.00"
Oceania,KIR,Kiribati,0,0,2000,2,"1,390.00"
Europe,BLR,Belarus,1305.5,23.8,2000,2,"1,380.00"
Africa,MAR,Morocco,8841.66945,402.3422365,2000,2,"1,380.00"
Africa,CPV,Cape Verde,191.8816132,0,2000,2,"1,370.00"
Americas,PRY,Paraguay,1221.25,28.70228856,2000,2,"1,360.00"
Asia,KAZ,Kazakhstan,10077.67749,15.53753,2000,2,"1,260.00"
Asia,PHL,Philippines,13761.965,1032,2000,2,"1,220.00"
Europe,ALB,Albania,246.8004111,0,2000,2,"1,170.00"
Oceania,SLB,Solomon Islands,105.948,0,2000,1,"1,010.00"
Americas,BOL,Bolivia,,,2000,2,990.00
Americas,NIC,Nicaragua,1414.45,0,2000,1,970.00
Asia,SYR,Syria,1244,107.397,2000,2,970.00
Asia,CHN,China,193348,27768.387,2000,2,930.00
Americas,HND,Honduras,1391.568941,0,2000,2,920.00
Africa,GNQ,Equatorial Guinea,1059.994,,2000,2,880.00
Americas,GUY,Guyana,756.446,1,2000,2,880.00
Asia,LKA,Sri Lanka,1596.209736,86.02555556,2000,2,880.00
Asia,BTN,Bhutan,4.420274762,,2000,1,780.00
Africa,DJI,Djibouti,40.07391642,,2000,2,760.00
Asia,GEO,Georgia,762.1762746,117.8651116,2000,1,750.00
Europe,UKR,Ukraine,3875,170,2000,1,700.00
Africa,GMB,"Gambia, The",216.02,,2000,1,670.00
Asia,ARM,Armenia,513.098,0.01,2000,1,660.00
Africa,CIV,Cote d'Ivoire,2483.151311,8.688547147,2000,1,640.00
Asia,UZB,Uzbekistan,698.3,,2000,1,630.00
Oceania,PNG,Papua New Guinea,935.485971,210.112,2000,2,620.00
Asia,AZE,Azerbaijan,3735.25,1,2000,1,610.00
Africa,CMR,Cameroon,1600.135,253.651,2000,1,600.00
Asia,TKM,Turkmenistan,949.22,,2000,2,600.00
Africa,LSO,Lesotho,329.575678,1.944629816,2000,1,580.00
Africa,COG,Congo,1892.585,40.293,2000,1,570.00
Asia,IDN,Indonesia,,,2000,1,560.00
Africa,MRT,Mauritania,146.049,4.389,2000,1,510.00
Africa,SEN,Senegal,294.5835952,21.87102366,2000,1,510.00
Asia,PAK,Pakistan,6918.623983,488.7,2000,1,490.00
Africa,ZWE,Zimbabwe,1238.05,233.601,2000,1,490.00
Asia,MNG,Mongolia,181.56,0,2000,1,470.00
Asia,IND,India,16338.95187,1733.475936,2000,1,450.00
Asia,BGD,Bangladesh,2161.76,69.2407,2000,1,420.00
Africa,COM,Comoros,20.649,,2000,1,420.00
Africa,KEN,Kenya,931.717,115.222,2000,1,420.00
Asia,YEM,Yemen,843,12.446,2000,1,420.00
Asia,VNM,Vietnam,14730.301,0,2000,1,400.00
Africa,AGO,Angola,7977.132,,2000,1,390.00
Africa,BEN,Benin,213.1992153,10.51988011,2000,1,390.00
Africa,GIN,Guinea,263.31,11.99871826,2000,1,380.00
Europe,MDA,Moldova,448.83,22.96,2000,1,370.00
Africa,GHA,Ghana,1554.06,0,2000,1,340.00
Africa,ZMB,Zambia,3966,0,2000,1,330.00
Africa,SDN,Sudan,,,2000,1,320.00
Asia,KHM,Cambodia,1579.917,193.200319,2000,1,300.00
Africa,TZA,Tanzania,2780.9,,2000,1,300.00
Africa,TGO,Togo,86.84858948,,2000,1,300.00
Asia,KGZ,Kyrgyzstan,431.8,33.2,2000,1,280.00
Asia,LAO,Laos,588.348,20.349,2000,1,280.00
Africa,MLI,Mali,132.3638097,0.635505163,2000,1,280.00
Africa,MOZ,Mozambique,1249.231064,0.503227049,2000,1,280.00
Africa,NGA,Nigeria,23786.38755,4143.854,2000,1,270.00
Africa,UGA,Uganda,807.1,0,2000,1,270.00
Africa,BFA,Burkina Faso,27.83314018,0.439746876,2000,1,250.00
Africa,CAF,Central African Republic,104.3057838,43.17037461,2000,1,250.00
Africa,MDG,Madagascar,140.8300193,9.77,2000,1,250.00
Africa,RWA,Rwanda,55.2,0,2000,1,240.00
Asia,NPL,Nepal,71.911,,2000,1,230.00
Africa,ERI,Eritrea,337.4102067,,2000,1,200.00
Africa,GNB,Guinea-Bissau,38.019,0,2000,1,190.00
Africa,TCD,Chad,575.882,70.255,2000,1,180.00
Africa,NER,Niger,45.42301522,0.983047049,2000,1,170.00
Asia,TJK,Tajikistan,136.1866,,2000,1,170.00
Africa,MWI,Malawi,357.7,,2000,1,160.00
Africa,SLE,Sierra Leone,283.9690673,,2000,1,160.00
Africa,LBR,Liberia,3246.56,2187.514196,2000,1,150.00
Africa,BDI,Burundi,46.79930929,2.336247961,2000,1,130.00
Africa,COD,Democratic Republic of the Congo,617.36,33.532,2000,1,130.00
Africa,ETH,Ethiopia,941.14,,2000,1,120.00
Americas,BMU,Bermuda,264.8,108,2000,4,
Americas,CYM,Cayman Islands,25584.53,20788.122,2000,4,
Asia,IRQ,Iraq,,0,2000,2,
Asia,AFG,Afghanistan,17.197,,2000,1,
Oceania,ASM,American Samoa,,,2000,3,
Americas,ABW,Aruba,1160.558659,675.3798883,2000,4,
Oceania,COK,Cook Islands,218.293,,2000,0,
Americas,FLK,Falkland Islands (Islas Malvinas),,,2000,0,
Europe,FRO,Faeroe Islands,,,2000,4,
Americas,GUF,French Guiana,,,2000,0,
Europe,GIB,Gibraltar,642.38,,2000,0,
Americas,GLP,Guadeloupe,,,2000,0,
Oceania,GUM,Guam,,,2000,4,
Americas,HTI,Haiti,94.66,2.004859125,2000,1,
Africa,LBY,Libya,471.497,1902.667,2000,3,
Asia,MDV,Maldives,127.723,,2000,2,
Americas,MTQ,Martinique,,,2000,0,
Europe,MNE,Montenegro,,,2000,0,
Americas,MSR,Montserrat,82.991,0.056,2000,0,
Asia,MMR,Myanmar,3752.005,,2000,1,
Oceania,NRU,Nauru,,22.29,2000,0,
Oceania,NIU,Niue,5.64,9.736,2000,0,
Asia,PRK,North Korea,1044.23,,2000,1,
Asia,QAT,Qatar,1911.7,74.304,2000,4,
Africa,REU,Reunion,,,2000,0,
Africa,SHN,Saint Helena,,,2000,0,
Americas,SPM,Saint Pierre and Miquelon,,,2000,0,
Africa,STP,Sao Tome and Principe,11.44,0,2000,1,
Africa,SOM,Somalia,3.65,,2000,1,
Africa,SSD,South Sudan,,,2000,0,
Asia,PSE,Palestine,1417.81,0,2000,0,
Asia,TLS,Timor-Leste,,,2000,0,
Americas,TCA,Turks and Caicos Islands,,,2000,0,
Asia,ARE,United Arab Emirates,1069.19,1937.965,2000,4,
Americas,VGB,"Virgin Islands, British",32092.73,67132.221,2000,0,
Americas,VIR,"Virgin Islands, U.S.",,,2000,4,
Africa,ESH,Western Sahara,,,2000,0,