"Date","total_launched","total_destroyed","model_details"
2022-09-28,8,7,"Reconnaissance UAV : Launched  3 , Destroyed  3; X-59 : Launched  5 , Destroyed  4"
2022-09-29,7,5,"Shahed-136/131 : Launched  7 , Destroyed  5"
2022-09-30,3,3,"Orlan-10 : Launched  3 , Destroyed  3"
2022-10-01,1,1,"Orlan-10 : Launched  1 , Destroyed  1"
2022-10-02,7,5,"Shahed-136/131 : Launched  7 , Destroyed  5"
2022-10-05,8,8,"Orlan-10 : Launched  1 , Destroyed  1; Shahed-136/131 : Launched  7 , Destroyed  7"
2022-10-06,17,17,"Mohajer-6 : Launched  2 , Destroyed  2; Orlan-10 : Launched  1 , Destroyed  1; Shahed-136/131 : Launched  14 , Destroyed  14"
2022-10-07,3,3,"Shahed-136/131 : Launched  3 , Destroyed  3"
2022-10-08,3,3,"Shahed-136/131 : Launched  1 , Destroyed  1; Unknown UAV : Launched  2 , Destroyed  2"
2022-10-09,22,1,"C-300 : Launched  16 , Destroyed  0; X-22 : Launched  4 , Destroyed  0; X-59 : Launched  2 , Destroyed  1"
2022-10-10,108,56,"Shahed-136/131 : Launched  13 , Destroyed  10; Unknown UAV : Launched  11 , Destroyed  3; X-101/X-555 and Kalibr : Launched  84 , Destroyed  43"
2022-10-11,62,54,"Shahed-136/131 : Launched  34 , Destroyed  34; X-101/X-555 and Kalibr : Launched  28 , Destroyed  20"
2022-10-12,19,19,"Lancet : Launched  2 , Destroyed  2; Shahed-136/131 : Launched  17 , Destroyed  17"
2022-10-13,11,11,"Kalibr : Launched  5 , Destroyed  5; Shahed-136/131 : Launched  6 , Destroyed  6"
2022-10-14,8,8,"Shahed-136/131 : Launched  8 , Destroyed  8"
2022-10-15,6,6,"Shahed-136/131 : Launched  6 , Destroyed  6"
2022-10-16,11,11,"Shahed-136/131 : Launched  11 , Destroyed  11"
2022-10-17,39,39,"Kalibr : Launched  2 , Destroyed  2; Shahed-136/131 : Launched  34 , Destroyed  34; Unknown Missile : Launched  3 , Destroyed  3"
2022-10-18,11,11,"Kalibr : Launched  4 , Destroyed  4; Shahed-136/131 : Launched  6 , Destroyed  6; X-101/X-555 : Launched  1 , Destroyed  1"
2022-10-19,29,27,"Shahed-136/131 : Launched  23 , Destroyed  23; X-101/X-555 : Launched  6 , Destroyed  4"
2022-10-20,14,14,"Shahed-136/131 : Launched  14 , Destroyed  14"
2022-10-22,43,28,"Kalibr : Launched  16 , Destroyed  5; Shahed-136/131 : Launched  10 , Destroyed  10; X-101/X-555 : Launched  17 , Destroyed  13"
2022-10-23,16,16,"Shahed-136/131 : Launched  16 , Destroyed  16"
2022-10-25,3,3,"Shahed-136/131 : Launched  3 , Destroyed  3"
2022-10-26,21,20,"Shahed-136/131 : Launched  20 , Destroyed  19; X-59 : Launched  1 , Destroyed  1"
2022-10-31,50,44,"X-101/X-555 : Launched  50 , Destroyed  44"
2022-11-01,7,7,"Reconnaissance UAV : Launched  1 , Destroyed  1; Shahed-136/131 : Launched  6 , Destroyed  6"
2022-11-02,13,12,"Shahed-136/131 : Launched  13 , Destroyed  12"
2022-11-04,25,25,"Kalibr : Launched  2 , Destroyed  2; Reconnaissance UAV : Launched  3 , Destroyed  3; Shahed-136/131 : Launched  20 , Destroyed  20"
2022-11-09,6,6,"Orlan-10 : Launched  1 , Destroyed  1; Shahed-136/131 : Launched  5 , Destroyed  5"
2022-11-14,2,2,"Unknown UAV : Launched  2 , Destroyed  2"
2022-11-15,110,89,"Orion : Launched  1 , Destroyed  1; Orlan-10 : Launched  1 , Destroyed  1; Shahed-136/131 : Launched  10 , Destroyed  10; X-101/X-555 and Kalibr : Launched  96 , Destroyed  75; X-59 : Launched  2 , Destroyed  2"
2022-11-17,25,11,"Shahed-136/131 : Launched  5 , Destroyed  5; X-101/X-555 : Launched  18 , Destroyed  4; X-59 : Launched  2 , Destroyed  2"
2022-11-23,75,56,"Lancet : Launched  5 , Destroyed  5; X-101/X-555 and Kalibr : Launched  70 , Destroyed  51"
2022-12-05,70,60,"Kalibr : Launched  22 , Destroyed  22; X-101/X-555 : Launched  38 , Destroyed  38; X-22 : Launched  3 , Destroyed  0; X-31P : Launched  1 , Destroyed  0; X-59 : Launched  6 , Destroyed  0"
2022-12-07,14,14,"Orlan-10 : Launched  1 , Destroyed  1; Shahed-136/131 : Launched  11 , Destroyed  11; Unknown UAV : Launched  2 , Destroyed  2"
2022-12-10,15,10,"Shahed-136/131 : Launched  15 , Destroyed  10"
2022-12-14,13,13,"Shahed-136/131 : Launched  13 , Destroyed  13"
2022-12-16,103,60,"C-300 : Launched  27 , Destroyed  0; X-101/X-555 and X-22 and Kalibr : Launched  72 , Destroyed  60; X-31P : Launched  2 , Destroyed  0; X-59 : Launched  2 , Destroyed  0"
2022-12-19,35,30,"Shahed-136/131 : Launched  35 , Destroyed  30"
2022-12-20,2,2,"Orion : Launched  1 , Destroyed  1; Unknown UAV : Launched  1 , Destroyed  1"
2022-12-22,1,1,"X-59MK2 : Launched  1 , Destroyed  1"
2022-12-29,74,62,"Orlan-10 : Launched  4 , Destroyed  4; X-101/X-555 and Kalibr : Launched  62 , Destroyed  58; X-22 and X-32 : Launched  6 , Destroyed  0; X-31P : Launched  2 , Destroyed  0"
2022-12-30,16,16,"Shahed-136/131 : Launched  16 , Destroyed  16"
2022-12-31,21,13,"Orlan-10 : Launched  1 , Destroyed  1; Unknown Missile : Launched  20 , Destroyed  12"
2023-01-01,45,45,"Shahed-136/131 : Launched  45 , Destroyed  45"
2023-01-02,41,41,"Orlan-10 : Launched  1 , Destroyed  1; Shahed-136/131 : Launched  39 , Destroyed  39; X-59 : Launched  1 , Destroyed  1"
2023-01-11,3,3,"Orlan-10 : Launched  2 , Destroyed  2; Unknown UAV : Launched  1 , Destroyed  1"
2023-01-12,1,1,"Orlan-10 : Launched  1 , Destroyed  1"
2023-01-14,38,25,"Kalibr : Launched  7 , Destroyed  4; X-101/X-555 : Launched  16 , Destroyed  14; X-22 : Launched  5 , Destroyed  0; X-59 : Launched  10 , Destroyed  7"
2023-01-20,2,2,"Merlin-VR : Launched  1 , Destroyed  1; Orlan-10 : Launched  1 , Destroyed  1"
2023-01-23,3,3,"Orlan-10 : Launched  1 , Destroyed  1; X-59 : Launched  2 , Destroyed  2"
2023-01-25,1,1,"Orlan-10 : Launched  1 , Destroyed  1"
2023-01-26,79,71,"Kalibr : Launched  9 , Destroyed  7; Shahed-136/131 : Launched  24 , Destroyed  24; X-101/X-555 : Launched  40 , Destroyed  40; X-47 Kinzhal : Launched  2 , Destroyed  0; X-59 : Launched  4 , Destroyed  0"
2023-02-09,1,1,"Orion : Launched  1 , Destroyed  1"
2023-02-10,133,86,"C-300 : Launched  35 , Destroyed  0; Kalibr : Launched  28 , Destroyed  23; Shahed-136/131 : Launched  27 , Destroyed  25; X-101/X-555 : Launched  43 , Destroyed  38"
2023-02-11,5,5,"Orlan-10 : Launched  1 , Destroyed  1; Shahed-136/131 : Launched  4 , Destroyed  4"
2023-02-15,1,1,"Unknown UAV : Launched  1 , Destroyed  1"
2023-02-16,35,16,"Kalibr : Launched  8 , Destroyed  4; P-800 Oniks : Launched  1 , Destroyed  0; X-101/X-555 : Launched  12 , Destroyed  10; X-22 : Launched  12 , Destroyed  0; X-31 : Launched  1 , Destroyed  1; X-59 : Launched  1 , Destroyed  1"
2023-02-18,4,2,"Kalibr : Launched  4 , Destroyed  2"
2023-02-27,14,11,"Shahed-136/131 : Launched  14 , Destroyed  11"
2023-03-01,4,4,"Shahed-136/131 : Launched  4 , Destroyed  4"
2023-03-06,15,13,"Shahed-136/131 : Launched  15 , Destroyed  13"
2023-03-08,2,2,"Shahed-136/131 : Launched  2 , Destroyed  2"
2023-03-09,89,38,"C-300 : Launched  13 , Destroyed  0; Kalibr : Launched  20 , Destroyed  14; Shahed-136/131 : Launched  8 , Destroyed  4; X-101/X-555 : Launched  28 , Destroyed  20; X-22 : Launched  6 , Destroyed  0; X-31P : Launched  2 , Destroyed  0; X-47 Kinzhal : Launched  6 , Destroyed  0; X-59 : Launched  6 , Destroyed  0"
2023-03-14,4,0,"X-31P : Launched  4 , Destroyed  0"
2023-03-18,16,11,"Shahed-136/131 : Launched  16 , Destroyed  11"
2023-03-21,2,2,"X-59 : Launched  2 , Destroyed  2"
2023-03-22,21,16,"Shahed-136/131 : Launched  21 , Destroyed  16"
2023-03-23,2,2,"X-59 : Launched  2 , Destroyed  2"
2023-03-27,16,13,"Granat-4 : Launched  1 , Destroyed  1; KAB : Launched  2 , Destroyed  0; Shahed-136/131 : Launched  13 , Destroyed  12"
2023-03-31,10,9,"Shahed-136/131 : Launched  10 , Destroyed  9"
2023-04-04,17,14,"Shahed-136/131 : Launched  17 , Destroyed  14"
2023-04-08,1,1,"Supercam : Launched  1 , Destroyed  1"
2023-04-10,2,2,"Merlin-VR : Launched  1 , Destroyed  1; Orlan-10 : Launched  1 , Destroyed  1"
2023-04-18,9,7,"Orlan-10 : Launched  1 , Destroyed  1; Shahed-136/131 : Launched  8 , Destroyed  6"
2023-04-19,12,10,"Shahed-136/131 : Launched  12 , Destroyed  10"
2023-04-20,11,10,"Shahed-136/131 : Launched  11 , Destroyed  10"
2023-04-21,17,12,"Shahed-136/131 : Launched  17 , Destroyed  12"
2023-04-23,5,5,"Lancet : Launched  4 , Destroyed  4; Merlin-VR : Launched  1 , Destroyed  1"
2023-04-24,9,9,"Lancet : Launched  2 , Destroyed  2; Shahed-136/131 : Launched  6 , Destroyed  6; Unknown UAV : Launched  1 , Destroyed  1"
2023-04-26,6,6,"Lancet : Launched  5 , Destroyed  5; Merlin-VR : Launched  1 , Destroyed  1"
2023-04-28,25,23,"Unknown UAV : Launched  2 , Destroyed  2; X-101/X-555 : Launched  23 , Destroyed  21"
2023-04-29,3,3,"Shahed-136/131 : Launched  2 , Destroyed  2; Unknown UAV : Launched  1 , Destroyed  1"
2023-05-01,18,15,"X-101/X-555 : Launched  18 , Destroyed  15"
2023-05-03,30,25,"Lancet : Launched  2 , Destroyed  2; Merlin-VR : Launched  1 , Destroyed  1; Shahed-136/131 : Launched  26 , Destroyed  21; Unknown UAV : Launched  1 , Destroyed  1"
2023-05-04,26,20,"Shahed-136/131 : Launched  24 , Destroyed  18; Unknown UAV : Launched  1 , Destroyed  1; X-47 Kinzhal : Launched  1 , Destroyed  1"
2023-05-05,2,2,"Shahed-136/131 : Launched  2 , Destroyed  2"
2023-05-06,13,13,"Lancet : Launched  1 , Destroyed  1; Shahed-136/131 : Launched  8 , Destroyed  8; Unknown UAV : Launched  4 , Destroyed  4"
2023-05-08,54,46,"Kalibr : Launched  8 , Destroyed  8; Lancet : Launched  2 , Destroyed  2; Shahed-136/131 : Launched  35 , Destroyed  35; Unknown Missile : Launched  8 , Destroyed  0; ZALA : Launched  1 , Destroyed  1"
2023-05-09,20,18,"Shahed-136/131 : Launched  3 , Destroyed  3; X-101/X-555 : Launched  17 , Destroyed  15"
2023-05-12,4,4,"Lancet : Launched  4 , Destroyed  4"
2023-05-13,22,18,"Orlan-10 : Launched  1 , Destroyed  1; Shahed-136/131 : Launched  21 , Destroyed  17"
2023-05-14,36,36,"Lancet : Launched  1 , Destroyed  1; Orlan-10 : Launched  5 , Destroyed  5; Shahed-136/131 : Launched  22 , Destroyed  22; Unknown UAV : Launched  4 , Destroyed  4; X-101/X-555 : Launched  3 , Destroyed  3; ZALA : Launched  1 , Destroyed  1"
2023-05-15,4,4,"Lancet : Launched  2 , Destroyed  2; Orlan-10 : Launched  1 , Destroyed  1; Supercam : Launched  1 , Destroyed  1"
2023-05-16,36,36,"C-400 and Iskander-M : Launched  10 , Destroyed  10; Kalibr : Launched  9 , Destroyed  9; Orlan-10 : Launched  2 , Destroyed  2; Shahed-136/131 : Launched  6 , Destroyed  6; Supercam : Launched  2 , Destroyed  2; Unknown UAV : Launched  1 , Destroyed  1; X-47 Kinzhal : Launched  6 , Destroyed  6"
2023-05-18,34,33,"Iskander-K : Launched  2 , Destroyed  2; Kalibr : Launched  6 , Destroyed  6; Shahed-136/131 : Launched  2 , Destroyed  2; Unknown UAV : Launched  2 , Destroyed  2; X-101/X-555 : Launched  22 , Destroyed  21"
2023-05-19,31,22,"Kalibr : Launched  6 , Destroyed  3; Merlin-VR : Launched  1 , Destroyed  1; Shahed-136/131 : Launched  24 , Destroyed  18"
2023-05-20,27,27,"Merlin-VR : Launched  1 , Destroyed  1; Orlan-10 : Launched  1 , Destroyed  1; Shahed-136/131 : Launched  25 , Destroyed  25"
2023-05-21,3,3,"Merlin-VR : Launched  1 , Destroyed  1; Orlan-10 : Launched  1 , Destroyed  1; ZALA : Launched  1 , Destroyed  1"
2023-05-22,38,26,"C-300 : Launched  5 , Destroyed  0; Iskander-M : Launched  2 , Destroyed  0; Merlin-VR : Launched  2 , Destroyed  2; Shahed-136/131 : Launched  20 , Destroyed  20; X-101/X-555 : Launched  4 , Destroyed  4; X-22 : Launched  5 , Destroyed  0"
2023-05-23,6,6,"Shahed-136/131 : Launched  6 , Destroyed  6"
2023-05-25,36,36,"Shahed-136/131 : Launched  36 , Destroyed  36"
2023-05-26,50,35,"C-300/C-400 : Launched  7 , Destroyed  0; Merlin-VR : Launched  1 , Destroyed  1; Orlan-10 : Launched  1 , Destroyed  1; Shahed-136/131 : Launched  31 , Destroyed  23; X-101/X-555 : Launched  10 , Destroyed  10"
2023-05-28,54,52,"Shahed-136/131 : Launched  54 , Destroyed  52"
2023-05-29,87,78,"Iskander-M and Iskander-K : Launched  11 , Destroyed  11; Shahed-136/131 : Launched  35 , Destroyed  29; Unknown UAV : Launched  1 , Destroyed  1; X-101/X-555 : Launched  40 , Destroyed  37"
2023-05-30,31,29,"Shahed-136/131 : Launched  31 , Destroyed  29"
2023-05-31,5,5,"Lancet : Launched  2 , Destroyed  2; Merlin-VR : Launched  2 , Destroyed  2; Orlan-10 : Launched  1 , Destroyed  1"
2023-06-01,10,10,"Iskander-K : Launched  3 , Destroyed  3; Iskander-M : Launched  7 , Destroyed  7"
2023-06-02,36,36,"Shahed-136/131 : Launched  21 , Destroyed  21; X-101/X-555 : Launched  15 , Destroyed  15"
2023-06-04,11,7,"Shahed-136/131 : Launched  5 , Destroyed  3; X-101/X-555 : Launched  6 , Destroyed  4"
2023-06-06,35,35,"X-101/X-555 : Launched  35 , Destroyed  35"
2023-06-07,2,2,"Lancet : Launched  1 , Destroyed  1; Orlan-10 : Launched  1 , Destroyed  1"
2023-06-08,2,0,"Kalibr : Launched  2 , Destroyed  0"
2023-06-09,38,30,"Orlan-10 and Supercam : Launched  4 , Destroyed  4; Orlan-10 and ZALA and Supercam : Launched  12 , Destroyed  12; Shahed-136/131 and Lancet : Launched  16 , Destroyed  10; X-101/X-555 : Launched  6 , Destroyed  4"
2023-06-10,43,22,"Shahed-136/131 : Launched  35 , Destroyed  20; Unknown Missile : Launched  8 , Destroyed  2"
2023-06-11,6,6,"Shahed-136/131 : Launched  6 , Destroyed  6"
2023-06-13,18,11,"Shahed-136/131 : Launched  4 , Destroyed  1; X-101/X-555 : Launched  14 , Destroyed  10"
2023-06-14,20,12,"Kalibr : Launched  4 , Destroyed  3; Shahed-136/131 : Launched  10 , Destroyed  9; X-22 : Launched  6 , Destroyed  0"
2023-06-15,30,27,"Lancet : Launched  1 , Destroyed  1; Orlan-10 : Launched  2 , Destroyed  2; Orlan-30 : Launched  1 , Destroyed  1; Reconnaissance UAV : Launched  1 , Destroyed  1; Shahed-136/131 : Launched  20 , Destroyed  20; X-101/X-555 : Launched  4 , Destroyed  1; ZALA : Launched  1 , Destroyed  1"
2023-06-16,16,16,"Kalibr : Launched  6 , Destroyed  6; Reconnaissance UAV : Launched  2 , Destroyed  2; Shahed-136/131 : Launched  2 , Destroyed  2; X-47 Kinzhal : Launched  6 , Destroyed  6"
2023-06-17,12,12,"Lancet : Launched  1 , Destroyed  1; Orlan-10 and Orlan-30 and ZALA and Supercam : Launched  7 , Destroyed  7; Shahed-136/131 : Launched  4 , Destroyed  4"
2023-06-19,8,8,"Kalibr : Launched  4 , Destroyed  4; Shahed-136/131 : Launched  4 , Destroyed  4"
2023-06-20,45,42,"Reconnaissance UAV : Launched  4 , Destroyed  4; Shahed-136/131 : Launched  41 , Destroyed  38"
2023-06-22,10,3,"Shahed-136/131 : Launched  4 , Destroyed  3; X-22 : Launched  3 , Destroyed  0; X-47 Kinzhal : Launched  3 , Destroyed  0"
2023-06-23,14,14,"Reconnaissance UAV : Launched  1 , Destroyed  1; X-101/X-555 : Launched  13 , Destroyed  13"
2023-06-24,53,43,"Kalibr : Launched  2 , Destroyed  1; Shahed-136/131 : Launched  2 , Destroyed  2; X-101/X-555 : Launched  40 , Destroyed  40; X-22 : Launched  9 , Destroyed  0"
2023-06-26,15,13,"Kalibr : Launched  3 , Destroyed  2; Shahed-136/131 : Launched  8 , Destroyed  7; Unknown UAV : Launched  4 , Destroyed  4"
2023-06-28,6,6,"Shahed-136/131 : Launched  6 , Destroyed  6"
2023-06-30,17,10,"C-300 : Launched  4 , Destroyed  0; Shahed-136/131 : Launched  13 , Destroyed  10"
2023-07-02,11,11,"Kalibr : Launched  3 , Destroyed  3; Shahed-136/131 : Launched  8 , Destroyed  8"
2023-07-03,17,13,"Shahed-136/131 : Launched  17 , Destroyed  13"
2023-07-05,8,8,"Lancet : Launched  4 , Destroyed  4; Merlin-VR : Launched  2 , Destroyed  2; Orlan-10 : Launched  1 , Destroyed  1; ZALA : Launched  1 , Destroyed  1"
2023-07-06,10,7,"Kalibr : Launched  10 , Destroyed  7"
2023-07-07,18,12,"Shahed-136/131 : Launched  18 , Destroyed  12"
2023-07-08,5,5,"Shahed-136/131 : Launched  5 , Destroyed  5"
2023-07-10,7,7,"Lancet : Launched  3 , Destroyed  3; Reconnaissance UAV : Launched  4 , Destroyed  4"
2023-07-11,29,27,"Shahed-136/131 : Launched  28 , Destroyed  26; ZALA : Launched  1 , Destroyed  1"
2023-07-12,15,11,"Shahed-136/131 : Launched  15 , Destroyed  11"
2023-07-13,29,28,"Iskander-M : Launched  1 , Destroyed  0; Kalibr : Launched  2 , Destroyed  2; Reconnaissance UAV : Launched  6 , Destroyed  6; Shahed-136/131 : Launched  20 , Destroyed  20"
2023-07-14,24,23,"Lancet : Launched  3 , Destroyed  3; Orlan-10 and ZALA : Launched  3 , Destroyed  3; Reconnaissance UAV : Launched  1 , Destroyed  1; Shahed-136/131 : Launched  17 , Destroyed  16"
2023-07-15,6,4,"Shahed-136/131 : Launched  6 , Destroyed  4"
2023-07-17,13,13,"Lancet : Launched  1 , Destroyed  1; Reconnaissance UAV : Launched  9 , Destroyed  9; Shahed-136/131 : Launched  3 , Destroyed  3"
2023-07-18,43,38,"Kalibr : Launched  6 , Destroyed  6; Reconnaissance UAV : Launched  1 , Destroyed  1; Shahed-136/131 : Launched  36 , Destroyed  31"
2023-07-19,63,37,"Kalibr : Launched  16 , Destroyed  13; P-800 Oniks : Launched  6 , Destroyed  0; Shahed-136/131 : Launched  32 , Destroyed  23; X-22 : Launched  8 , Destroyed  0; X-59 : Launched  1 , Destroyed  1"
2023-07-20,38,18,"Iskander-K : Launched  5 , Destroyed  3; Kalibr : Launched  3 , Destroyed  2; P-800 Oniks : Launched  7 , Destroyed  0; Shahed-136/131 : Launched  19 , Destroyed  13; X-22 : Launched  4 , Destroyed  0"
2023-07-21,9,9,"Reconnaissance UAV : Launched  9 , Destroyed  9"
2023-07-22,5,5,"Shahed-136/131 : Launched  5 , Destroyed  5"
2023-07-23,19,11,"Iskander-K : Launched  5 , Destroyed  5; Iskander-M : Launched  2 , Destroyed  2; Kalibr : Launched  4 , Destroyed  4; P-800 Oniks : Launched  5 , Destroyed  0; X-22 : Launched  3 , Destroyed  0"
2023-07-24,3,3,"Shahed-136/131 : Launched  3 , Destroyed  3"
2023-07-26,43,36,"Kalibr : Launched  3 , Destroyed  3; X-101/X-555 : Launched  36 , Destroyed  33; X-47 Kinzhal : Launched  4 , Destroyed  0"
2023-07-27,10,8,"Kalibr : Launched  2 , Destroyed  0; Shahed-136/131 : Launched  8 , Destroyed  8"
2023-07-29,4,4,"Reconnaissance UAV : Launched  4 , Destroyed  4"
2023-07-30,4,4,"Shahed-136/131 : Launched  4 , Destroyed  4"
2023-08-02,30,30,"Reconnaissance UAV : Launched  7 , Destroyed  7; Shahed-136/131 : Launched  23 , Destroyed  23"
2023-08-03,15,15,"Shahed-136/131 : Launched  15 , Destroyed  15"
2023-08-05,17,13,"Kalibr : Launched  14 , Destroyed  13; X-47 Kinzhal : Launched  3 , Destroyed  0"
2023-08-06,53,45,"Kalibr : Launched  6 , Destroyed  5; Shahed-136/131 : Launched  27 , Destroyed  27; X-101/X-555 : Launched  20 , Destroyed  13"
2023-08-11,14,8,"Shahed-136/131 : Launched  10 , Destroyed  7; X-47 Kinzhal : Launched  4 , Destroyed  1"
2023-08-12,5,3,"Shahed-136/131 : Launched  5 , Destroyed  3"
2023-08-14,26,24,"Kalibr : Launched  8 , Destroyed  8; Shahed-136/131 : Launched  15 , Destroyed  15; X-47 Kinzhal : Launched  3 , Destroyed  1"
2023-08-15,36,16,"C-300/C-400 : Launched  8 , Destroyed  0; Kalibr : Launched  4 , Destroyed  2; X-101/X-555 : Launched  20 , Destroyed  14; X-22 : Launched  4 , Destroyed  0"
2023-08-16,16,16,"Shahed-136/131 : Launched  16 , Destroyed  16"
2023-08-18,7,7,"Lancet : Launched  1 , Destroyed  1; Reconnaissance UAV : Launched  6 , Destroyed  6"
2023-08-19,17,15,"Shahed-136/131 : Launched  17 , Destroyed  15"
2023-08-23,20,11,"Shahed-136/131 : Launched  20 , Destroyed  11"
2023-08-24,1,1,"Iskander-K : Launched  1 , Destroyed  1"
2023-08-25,5,5,"Kalibr : Launched  2 , Destroyed  2; Shahed-136/131 : Launched  1 , Destroyed  1; X-59 : Launched  2 , Destroyed  2"
2023-08-26,2,2,"Shahed-136/131 : Launched  2 , Destroyed  2"
2023-08-27,10,6,"Shahed-136/131 : Launched  2 , Destroyed  2; X-101/X-555 : Launched  8 , Destroyed  4"
2023-08-28,6,4,"Kalibr : Launched  4 , Destroyed  2; X-59 : Launched  2 , Destroyed  2"
2023-08-30,44,43,"Shahed-136/131 : Launched  16 , Destroyed  15; X-101/X-555 : Launched  28 , Destroyed  28"
2023-09-01,2,1,"Kalibr : Launched  2 , Destroyed  1"
2023-09-03,25,22,"Shahed-136/131 : Launched  25 , Destroyed  22"
2023-09-04,32,23,"Shahed-136/131 : Launched  32 , Destroyed  23"
2023-09-06,33,23,"Iskander-M : Launched  1 , Destroyed  1; Shahed-136/131 : Launched  25 , Destroyed  15; X-101/X-555 : Launched  7 , Destroyed  7"
2023-09-07,33,25,"Shahed-136/131 : Launched  33 , Destroyed  25"
2023-09-08,20,16,"Shahed-136/131 : Launched  20 , Destroyed  16"
2023-09-10,33,26,"Shahed-136/131 : Launched  33 , Destroyed  26"
2023-09-11,13,13,"Shahed-136/131 : Launched  12 , Destroyed  12; Unknown UAV : Launched  1 , Destroyed  1"
2023-09-13,44,32,"Shahed-136/131 : Launched  44 , Destroyed  32"
2023-09-14,22,17,"Shahed-136/131 : Launched  22 , Destroyed  17"
2023-09-15,17,17,"Shahed-136/131 : Launched  17 , Destroyed  17"
2023-09-17,16,12,"Shahed-136/131 : Launched  6 , Destroyed  6; X-101/X-555 : Launched  10 , Destroyed  6"
2023-09-18,41,35,"Shahed-136/131 : Launched  24 , Destroyed  18; X-101/X-555 : Launched  17 , Destroyed  17"
2023-09-19,32,28,"Iskander-M : Launched  1 , Destroyed  0; Reconnaissance UAV : Launched  1 , Destroyed  1; Shahed-136/131 : Launched  30 , Destroyed  27"
2023-09-20,24,17,"Shahed-136/131 : Launched  24 , Destroyed  17"
2023-09-21,49,36,"C-300 : Launched  6 , Destroyed  0; X-101/X-555 : Launched  43 , Destroyed  36"
2023-09-23,17,16,"Orlan-10 : Launched  2 , Destroyed  2; Shahed-136/131 : Launched  15 , Destroyed  14"
2023-09-24,7,7,"Lancet : Launched  3 , Destroyed  3; Reconnaissance UAV : Launched  4 , Destroyed  4"
2023-09-25,33,30,"Kalibr : Launched  12 , Destroyed  11; P-800 Oniks : Launched  2 , Destroyed  0; Shahed-136/131 : Launched  19 , Destroyed  19"
2023-09-26,38,26,"Shahed-136/131 : Launched  38 , Destroyed  26"
2023-09-27,6,6,"Orlan-10 and ZALA and Supercam : Launched  6 , Destroyed  6"
2023-09-28,44,34,"Shahed-136/131 : Launched  44 , Destroyed  34"
2023-09-30,40,30,"Shahed-136/131 : Launched  40 , Destroyed  30"
2023-10-01,33,19,"Merlin-VR : Launched  3 , Destroyed  3; Shahed-136/131 : Launched  30 , Destroyed  16"
2023-10-02,7,4,"Shahed-136/131 : Launched  7 , Destroyed  4"
2023-10-03,32,30,"Iskander-K : Launched  1 , Destroyed  1; Shahed-136/131 : Launched  31 , Destroyed  29"
2023-10-05,29,24,"Shahed-136/131 : Launched  29 , Destroyed  24"
2023-10-06,33,25,"Shahed-136/131 : Launched  33 , Destroyed  25"
2023-10-10,36,27,"Shahed-136/131 : Launched  36 , Destroyed  27"
2023-10-11,1,1,"Supercam : Launched  1 , Destroyed  1"
2023-10-12,33,28,"Shahed-136/131 : Launched  33 , Destroyed  28"
2023-10-15,1,1,"Unknown UAV : Launched  1 , Destroyed  1"
2023-10-16,18,13,"Iskander-M : Launched  1 , Destroyed  0; Shahed-136/131 : Launched  12 , Destroyed  11; X-59 : Launched  5 , Destroyed  2"
2023-10-17,9,7,"C-300 : Launched  2 , Destroyed  0; Shahed-136/131 : Launched  6 , Destroyed  6; X-59 : Launched  1 , Destroyed  1"
2023-10-18,1,1,"Lancet : Launched  1 , Destroyed  1"
2023-10-19,17,4,"C-300 : Launched  1 , Destroyed  0; Iskander-M : Launched  5 , Destroyed  0; Shahed-136/131 : Launched  9 , Destroyed  3; Unknown Missile : Launched  1 , Destroyed  0; X-59 : Launched  1 , Destroyed  1"
2023-10-21,3,3,"Lancet : Launched  3 , Destroyed  3"
2023-10-22,14,4,"C-300 : Launched  8 , Destroyed  0; Shahed-136/131 : Launched  3 , Destroyed  3; Unknown UAV : Launched  2 , Destroyed  0; X-59 : Launched  1 , Destroyed  1"
2023-10-23,15,15,"Shahed-136/131 : Launched  13 , Destroyed  13; Unknown UAV : Launched  1 , Destroyed  1; X-59 : Launched  1 , Destroyed  1"
2023-10-24,7,7,"Shahed-136/131 : Launched  6 , Destroyed  6; X-59 : Launched  1 , Destroyed  1"
2023-10-25,11,11,"Shahed-136/131 : Launched  11 , Destroyed  11"
2023-10-27,12,10,"Iskander-M : Launched  1 , Destroyed  0; Lancet : Launched  2 , Destroyed  2; Shahed-136/131 : Launched  6 , Destroyed  5; X-59 : Launched  3 , Destroyed  3"
2023-10-28,4,3,"Iskander-K : Launched  4 , Destroyed  3"
2023-10-29,24,23,"Lancet : Launched  3 , Destroyed  3; Merlin-VR : Launched  1 , Destroyed  1; Shahed-136/131 : Launched  17 , Destroyed  17; X-59 : Launched  3 , Destroyed  2"
2023-10-30,2,2,"Lancet : Launched  2 , Destroyed  2"
2023-10-31,5,5,"Lancet : Launched  3 , Destroyed  3; Shahed-136/131 : Launched  1 , Destroyed  1; Supercam : Launched  1 , Destroyed  1"
2023-11-01,24,22,"Orlan-10 : Launched  1 , Destroyed  1; Shahed-136/131 : Launched  20 , Destroyed  18; X-59 : Launched  3 , Destroyed  3"
2023-11-02,2,2,"Lancet : Launched  1 , Destroyed  1; X-59 : Launched  1 , Destroyed  1"
2023-11-03,42,26,"Lancet : Launched  1 , Destroyed  1; Shahed-136/131 : Launched  40 , Destroyed  24; X-59 : Launched  1 , Destroyed  1"
2023-11-04,5,5,"Iskander-K : Launched  3 , Destroyed  3; Shahed-136/131 : Launched  2 , Destroyed  2"
2023-11-05,27,17,"Iskander-M : Launched  1 , Destroyed  0; P-800 Oniks : Launched  1 , Destroyed  0; Shahed-136/131 : Launched  22 , Destroyed  15; X-31 : Launched  1 , Destroyed  0; X-59 : Launched  2 , Destroyed  2"
2023-11-06,2,1,"Orlan-10 : Launched  1 , Destroyed  0; Shahed-136/131 : Launched  1 , Destroyed  1"
2023-11-09,1,1,"X-59 : Launched  1 , Destroyed  1"
2023-11-10,9,7,"Merlin-VR : Launched  1 , Destroyed  1; Shahed-136/131 : Launched  6 , Destroyed  5; X-31 : Launched  1 , Destroyed  1; X-59 : Launched  1 , Destroyed  0"
2023-11-11,35,20,"C-300 : Launched  1 , Destroyed  0; Iskander-M : Launched  1 , Destroyed  1; P-800 Oniks : Launched  1 , Destroyed  0; Shahed-136/131 : Launched  31 , Destroyed  19; X-31 : Launched  1 , Destroyed  0"
2023-11-12,3,1,"Iskander-M : Launched  1 , Destroyed  0; X-59 : Launched  2 , Destroyed  1"
2023-11-13,5,5,"Merlin-VR : Launched  3 , Destroyed  3; Orlan-10 : Launched  2 , Destroyed  2"
2023-11-14,11,7,"Iskander-M : Launched  1 , Destroyed  0; Shahed-136/131 : Launched  9 , Destroyed  7; X-35 : Launched  1 , Destroyed  0"
2023-11-15,1,1,"X-59 : Launched  1 , Destroyed  1"
2023-11-16,18,16,"Shahed-136/131 : Launched  18 , Destroyed  16"
2023-11-17,10,9,"Shahed-136/131 : Launched  10 , Destroyed  9"
2023-11-18,38,29,"Shahed-136/131 : Launched  38 , Destroyed  29"
2023-11-19,20,15,"Shahed-136/131 : Launched  20 , Destroyed  15"
2023-11-21,16,11,"C-400 : Launched  4 , Destroyed  0; Iskander-K : Launched  1 , Destroyed  1; Mohajer-6 : Launched  1 , Destroyed  1; Shahed-136/131 : Launched  10 , Destroyed  9"
2023-11-22,17,16,"Shahed-136/131 : Launched  16 , Destroyed  16; X-22 : Launched  1 , Destroyed  0"
2023-11-24,4,4,"Orlan-10 : Launched  1 , Destroyed  1; Shahed-136/131 : Launched  3 , Destroyed  3"
2023-11-25,76,75,"Shahed-136/131 : Launched  75 , Destroyed  74; X-59 : Launched  1 , Destroyed  1"
2023-11-26,9,8,"Shahed-136/131 : Launched  9 , Destroyed  8"
2023-11-28,5,4,"Iskander-M : Launched  1 , Destroyed  0; Orlan-10 : Launched  1 , Destroyed  1; Shahed-136/131 : Launched  1 , Destroyed  1; Unknown UAV : Launched  1 , Destroyed  1; ZALA : Launched  1 , Destroyed  1"
2023-11-29,24,23,"Shahed-136/131 : Launched  21 , Destroyed  21; X-59 : Launched  3 , Destroyed  2"
2023-11-30,28,14,"C-300 : Launched  8 , Destroyed  0; Shahed-136/131 : Launched  20 , Destroyed  14"
2023-12-01,28,20,"Lancet : Launched  1 , Destroyed  1; Shahed-136/131 : Launched  25 , Destroyed  18; X-59 : Launched  2 , Destroyed  1"
2023-12-02,12,10,"Shahed-136/131 : Launched  11 , Destroyed  10; X-59 : Launched  1 , Destroyed  0"
2023-12-03,14,11,"Shahed-136/131 : Launched  12 , Destroyed  10; Supercam : Launched  1 , Destroyed  1; X-59 : Launched  1 , Destroyed  0"
2023-12-04,24,19,"Shahed-136/131 : Launched  23 , Destroyed  18; X-59 : Launched  1 , Destroyed  1"
2023-12-05,30,17,"C-300 : Launched  6 , Destroyed  0; Lancet : Launched  1 , Destroyed  1; Merlin-VR : Launched  3 , Destroyed  3; Reconnaissance UAV : Launched  1 , Destroyed  1; Shahed-136/131 : Launched  17 , Destroyed  10; ZALA : Launched  2 , Destroyed  2"
2023-12-06,50,43,"Shahed-136/131 : Launched  48 , Destroyed  41; Supercam : Launched  1 , Destroyed  1; X-59 : Launched  1 , Destroyed  1"
2023-12-07,18,15,"Shahed-136/131 : Launched  18 , Destroyed  15"
2023-12-08,32,21,"C-300 : Launched  6 , Destroyed  0; Shahed-136/131 : Launched  7 , Destroyed  7; X-101/X-555 : Launched  19 , Destroyed  14"
2023-12-11,28,28,"KAB : Launched  8 , Destroyed  8; Shahed-136/131 : Launched  18 , Destroyed  18; X-59 : Launched  2 , Destroyed  2"
2023-12-12,15,9,"Shahed-136/131 : Launched  15 , Destroyed  9"
2023-12-13,20,20,"C-400 and Iskander-M : Launched  10 , Destroyed  10; Shahed-136/131 : Launched  10 , Destroyed  10"
2023-12-14,43,41,"Shahed-136/131 : Launched  42 , Destroyed  41; X-59 : Launched  1 , Destroyed  0"
2023-12-15,14,14,"Shahed-136/131 : Launched  14 , Destroyed  14"
2023-12-16,31,30,"Shahed-136/131 : Launched  31 , Destroyed  30"
2023-12-17,24,23,"Iskander-K : Launched  1 , Destroyed  0; Shahed-136/131 : Launched  22 , Destroyed  22; X-59 : Launched  1 , Destroyed  1"
2023-12-18,6,6,"Shahed-136/131 : Launched  5 , Destroyed  5; X-59 : Launched  1 , Destroyed  1"
2023-12-19,2,2,"Shahed-136/131 : Launched  2 , Destroyed  2"
2023-12-20,22,19,"C-300 : Launched  2 , Destroyed  0; Shahed-136/131 : Launched  19 , Destroyed  18; X-59 : Launched  1 , Destroyed  1"
2023-12-21,35,34,"Shahed-136/131 : Launched  35 , Destroyed  34"
2023-12-22,28,24,"Shahed-136/131 : Launched  28 , Destroyed  24"
2023-12-23,10,10,"Shahed-136/131 : Launched  9 , Destroyed  9; X-59 : Launched  1 , Destroyed  1"
2023-12-24,18,17,"Shahed-136/131 : Launched  15 , Destroyed  14; X-31P : Launched  1 , Destroyed  1; X-59 : Launched  1 , Destroyed  1; ZALA : Launched  1 , Destroyed  1"
2023-12-25,32,29,"Shahed-136/131 : Launched  31 , Destroyed  28; X-59 : Launched  1 , Destroyed  1"
2023-12-26,23,17,"Merlin-VR : Launched  1 , Destroyed  1; Shahed-136/131 : Launched  19 , Destroyed  13; Supercam : Launched  1 , Destroyed  1; X-59 : Launched  2 , Destroyed  2"
2023-12-27,46,32,"Shahed-136/131 : Launched  46 , Destroyed  32"
2023-12-28,11,10,"Merlin-VR : Launched  2 , Destroyed  2; Shahed-136/131 : Launched  8 , Destroyed  7; Supercam : Launched  1 , Destroyed  1"
2023-12-29,158,114,"C-300/C-400 and Iskander-M : Launched  14 , Destroyed  0; Shahed-136/131 : Launched  36 , Destroyed  27; X-101/X-555 : Launched  90 , Destroyed  87; X-22 and X-32 : Launched  8 , Destroyed  0; X-31P : Launched  4 , Destroyed  0; X-47 Kinzhal : Launched  5 , Destroyed  0; X-59 : Launched  1 , Destroyed  0"
2023-12-30,17,6,"C-300 : Launched  6 , Destroyed  0; Shahed-136/131 : Launched  10 , Destroyed  5; X-59 : Launched  1 , Destroyed  1"
2023-12-31,49,21,"Shahed-136/131 : Launched  49 , Destroyed  21"
2024-01-01,112,100,"C-300 : Launched  4 , Destroyed  0; Lancet : Launched  2 , Destroyed  2; Merlin-VR : Launched  1 , Destroyed  1; Shahed-136/131 : Launched  100 , Destroyed  96; X-31P : Launched  3 , Destroyed  0; X-59 : Launched  2 , Destroyed  1"
2024-01-02,140,113,"C-300/C-400 and Iskander-M : Launched  12 , Destroyed  0; Kalibr : Launched  3 , Destroyed  3; Lancet : Launched  5 , Destroyed  5; Shahed-136/131 : Launched  35 , Destroyed  35; X-101/X-555 : Launched  70 , Destroyed  59; X-31P : Launched  4 , Destroyed  0; X-47 Kinzhal : Launched  10 , Destroyed  10; ZALA : Launched  1 , Destroyed  1"
2024-01-04,8,5,"KAB : Launched  3 , Destroyed  0; Lancet : Launched  1 , Destroyed  1; Shahed-136/131 : Launched  2 , Destroyed  2; X-59 : Launched  2 , Destroyed  2"
2024-01-05,32,24,"Merlin-VR : Launched  2 , Destroyed  2; Orlan-10 : Launched  1 , Destroyed  1; Shahed-136/131 : Launched  29 , Destroyed  21"
2024-01-06,2,2,"Shahed-136/131 : Launched  1 , Destroyed  1; Supercam : Launched  1 , Destroyed  1"
2024-01-07,32,22,"C-300 : Launched  3 , Destroyed  0; Shahed-136/131 : Launched  28 , Destroyed  21; X-59 : Launched  1 , Destroyed  1"
2024-01-08,59,26,"C-300 : Launched  7 , Destroyed  0; Iskander-M : Launched  6 , Destroyed  0; Shahed-136/131 : Launched  8 , Destroyed  8; X-101/X-555 : Launched  24 , Destroyed  18; X-22 : Launched  8 , Destroyed  0; X-31P : Launched  2 , Destroyed  0; X-47 Kinzhal : Launched  4 , Destroyed  0"
2024-01-09,2,2,"Merlin-VR : Launched  1 , Destroyed  1; Supercam : Launched  1 , Destroyed  1"
2024-01-10,1,1,"X-59 : Launched  1 , Destroyed  1"
2024-01-13,42,9,"C-300 : Launched  7 , Destroyed  0; Merlin-VR : Launched  1 , Destroyed  1; Shahed-136/131 : Launched  3 , Destroyed  0; X-101/X-555 : Launched  12 , Destroyed  7; X-22 : Launched  7 , Destroyed  0; X-31P : Launched  2 , Destroyed  0; X-47 Kinzhal : Launched  6 , Destroyed  0; X-59 : Launched  4 , Destroyed  1"
2024-01-14,1,1,"X-59 : Launched  1 , Destroyed  1"
2024-01-15,4,4,"Merlin-VR : Launched  1 , Destroyed  1; X-59 : Launched  1 , Destroyed  1; ZALA : Launched  2 , Destroyed  2"
2024-01-16,2,2,"Orlan-10 : Launched  1 , Destroyed  1; Supercam : Launched  1 , Destroyed  1"
2024-01-17,24,22,"C-300 : Launched  2 , Destroyed  0; Lancet : Launched  1 , Destroyed  1; Reconnaissance UAV : Launched  1 , Destroyed  1; Shahed-136/131 : Launched  19 , Destroyed  19; X-59 : Launched  1 , Destroyed  1"
2024-01-18,35,22,"C-300 : Launched  2 , Destroyed  0; Shahed-136/131 : Launched  33 , Destroyed  22"
2024-01-20,10,4,"C-300 : Launched  3 , Destroyed  0; Shahed-136/131 : Launched  7 , Destroyed  4"
2024-01-21,1,1,"X-59 : Launched  1 , Destroyed  1"
2024-01-22,9,9,"Shahed-136/131 : Launched  8 , Destroyed  8; X-59 : Launched  1 , Destroyed  1"
2024-01-23,41,21,"C-300/C-400 : Launched  4 , Destroyed  0; Iskander-M : Launched  12 , Destroyed  5; X-101/X-555 : Launched  15 , Destroyed  15; X-22 : Launched  8 , Destroyed  0; X-59 : Launched  2 , Destroyed  1"
2024-01-24,4,4,"Merlin-VR : Launched  2 , Destroyed  2; X-59 : Launched  2 , Destroyed  2"
2024-01-25,19,12,"C-300 : Launched  4 , Destroyed  0; Shahed-136/131 : Launched  14 , Destroyed  11; X-59 : Launched  1 , Destroyed  1"
2024-01-27,5,4,"Iskander-M : Launched  1 , Destroyed  0; Shahed-136/131 : Launched  4 , Destroyed  4"
2024-01-28,14,5,"C-300 : Launched  3 , Destroyed  0; Iskander-M : Launched  2 , Destroyed  0; Shahed-136/131 : Launched  8 , Destroyed  4; X-59 : Launched  1 , Destroyed  1"
2024-01-29,12,8,"C-300 : Launched  3 , Destroyed  0; Iskander-M : Launched  1 , Destroyed  0; Shahed-136/131 : Launched  8 , Destroyed  8"
2024-01-30,39,17,"C-300 : Launched  2 , Destroyed  0; Merlin-VR : Launched  1 , Destroyed  1; Shahed-136/131 : Launched  35 , Destroyed  15; Supercam : Launched  1 , Destroyed  1"
2024-01-31,27,18,"C-300 : Launched  3 , Destroyed  0; Lancet : Launched  2 , Destroyed  2; Merlin-VR : Launched  1 , Destroyed  1; Shahed-136/131 : Launched  20 , Destroyed  14; X-59 : Launched  1 , Destroyed  1"
2024-02-01,5,3,"Orlan-10 : Launched  1 , Destroyed  1; Shahed-136/131 : Launched  4 , Destroyed  2"
2024-02-02,25,12,"Shahed-136/131 : Launched  24 , Destroyed  11; ZALA : Launched  1 , Destroyed  1"
2024-02-03,17,10,"Shahed-136/131 : Launched  14 , Destroyed  9; X-59 : Launched  3 , Destroyed  1"
2024-02-06,1,1,"X-59 : Launched  1 , Destroyed  1"
2024-02-07,64,44,"C-300 : Launched  5 , Destroyed  0; Iskander-M : Launched  3 , Destroyed  0; Kalibr : Launched  3 , Destroyed  3; Shahed-136/131 : Launched  20 , Destroyed  15; X-101/X-555 : Launched  29 , Destroyed  26; X-22 : Launched  4 , Destroyed  0"
2024-02-08,18,12,"Shahed-136/131 : Launched  17 , Destroyed  11; X-59 : Launched  1 , Destroyed  1"
2024-02-09,18,12,"Shahed-136/131 : Launched  16 , Destroyed  10; Supercam : Launched  1 , Destroyed  1; ZALA : Launched  1 , Destroyed  1"
2024-02-10,31,23,"Shahed-136/131 : Launched  31 , Destroyed  23"
2024-02-11,45,40,"Shahed-136/131 : Launched  45 , Destroyed  40"
2024-02-12,18,15,"C-300 : Launched  0 , Destroyed  0; Shahed-136/131 : Launched  17 , Destroyed  14; X-59 : Launched  1 , Destroyed  1"
2024-02-13,25,18,"Lancet : Launched  1 , Destroyed  1; Shahed-136/131 : Launched  23 , Destroyed  16; X-59 : Launched  1 , Destroyed  1"
2024-02-15,26,13,"C-300 : Launched  2 , Destroyed  0; Iskander-M/KN-23 : Launched  6 , Destroyed  1; Kalibr : Launched  2 , Destroyed  2; X-101/X-555 : Launched  12 , Destroyed  8; X-59 : Launched  4 , Destroyed  2"
2024-02-16,1,1,"X-59 : Launched  1 , Destroyed  1"
2024-02-17,3,3,"Supercam : Launched  1 , Destroyed  1; X-59 : Launched  1 , Destroyed  1; ZALA : Launched  1 , Destroyed  1"
2024-02-18,24,13,"C-300 : Launched  6 , Destroyed  0; Shahed-136/131 : Launched  14 , Destroyed  12; X-22 : Launched  3 , Destroyed  0; X-59 : Launched  1 , Destroyed  1"
2024-02-19,6,6,"Lancet : Launched  1 , Destroyed  1; Shahed-136/131 : Launched  4 , Destroyed  4; X-59 : Launched  1 , Destroyed  1"
2024-02-20,26,23,"C-300/C-400 : Launched  2 , Destroyed  0; Shahed-136/131 : Launched  23 , Destroyed  23; X-31 : Launched  1 , Destroyed  0"
2024-02-21,25,14,"C-300 : Launched  1 , Destroyed  0; Shahed-136/131 : Launched  19 , Destroyed  13; X-22 : Launched  4 , Destroyed  0; X-59 : Launched  1 , Destroyed  1"
2024-02-22,11,8,"Shahed-136/131 : Launched  10 , Destroyed  8; X-31P : Launched  1 , Destroyed  0"
2024-02-23,39,25,"C-300 : Launched  3 , Destroyed  0; Shahed-136/131 : Launched  31 , Destroyed  23; Supercam : Launched  1 , Destroyed  1; X-22 : Launched  2 , Destroyed  0; X-31P : Launched  1 , Destroyed  0; ZALA : Launched  1 , Destroyed  1"
2024-02-24,18,15,"Iskander-M : Launched  2 , Destroyed  0; Shahed-136/131 : Launched  12 , Destroyed  12; X-59 : Launched  3 , Destroyed  2; ZALA : Launched  1 , Destroyed  1"
2024-02-25,18,16,"Shahed-136/131 : Launched  18 , Destroyed  16"
2024-02-26,24,15,"C-300 : Launched  2 , Destroyed  0; Iskander-M : Launched  1 , Destroyed  0; Merlin-VR : Launched  1 , Destroyed  1; Shahed-136/131 : Launched  14 , Destroyed  9; X-31P : Launched  1 , Destroyed  0; X-59 : Launched  3 , Destroyed  3; ZALA : Launched  2 , Destroyed  2"
2024-02-27,21,16,"Iskander-M/KN-23 : Launched  0 , Destroyed  0; Shahed-136/131 : Launched  13 , Destroyed  11; Supercam : Launched  1 , Destroyed  1; X-31P : Launched  1 , Destroyed  0; X-59 : Launched  4 , Destroyed  2; ZALA : Launched  2 , Destroyed  2"
2024-02-28,12,12,"C-300 : Launched  0 , Destroyed  0; Lancet : Launched  1 , Destroyed  1; Shahed-136/131 : Launched  10 , Destroyed  10; Supercam : Launched  1 , Destroyed  1"
2024-02-29,2,2,"Lancet : Launched  2 , Destroyed  2"
2024-03-01,11,6,"C-300 : Launched  5 , Destroyed  0; Shahed-136/131 : Launched  4 , Destroyed  4; Unknown UAV : Launched  1 , Destroyed  1; X-59 : Launched  1 , Destroyed  1"
2024-03-02,21,15,"Shahed-136/131 : Launched  17 , Destroyed  14; X-59 and X-35 : Launched  3 , Destroyed  0; ZALA : Launched  1 , Destroyed  1"
2024-03-03,1,1,"X-59 : Launched  1 , Destroyed  1"
2024-03-04,1,1,"X-59 : Launched  1 , Destroyed  1"
2024-03-05,23,19,"Shahed-136/131 : Launched  22 , Destroyed  18; X-59 : Launched  1 , Destroyed  1"
2024-03-06,43,39,"Orlan-10 : Launched  1 , Destroyed  1; Shahed-136/131 : Launched  42 , Destroyed  38"
2024-03-08,41,34,"C-300 : Launched  1 , Destroyed  0; Lancet : Launched  1 , Destroyed  1; Shahed-136/131 : Launched  37 , Destroyed  33; X-59 : Launched  2 , Destroyed  0"
2024-03-09,15,12,"Shahed-136/131 : Launched  15 , Destroyed  12"
2024-03-10,46,38,"C-300 : Launched  4 , Destroyed  0; Lancet : Launched  3 , Destroyed  3; Shahed-136/131 : Launched  39 , Destroyed  35"
2024-03-11,17,17,"Lancet : Launched  2 , Destroyed  2; Shahed-136/131 : Launched  15 , Destroyed  15"
2024-03-12,9,9,"Shahed-136/131 : Launched  8 , Destroyed  8; X-59 : Launched  1 , Destroyed  1"
2024-03-13,1,1,"KAB : Launched  1 , Destroyed  1"
2024-03-14,16,16,"Shahed-136/131 : Launched  16 , Destroyed  16"
2024-03-15,35,27,"C-300 : Launched  7 , Destroyed  0; Shahed-136/131 : Launched  27 , Destroyed  27; X-59 : Launched  1 , Destroyed  0"
2024-03-16,2,2,"Shahed-136/131 : Launched  2 , Destroyed  2"
2024-03-17,24,14,"C-300 : Launched  5 , Destroyed  0; Shahed-136/131 : Launched  17 , Destroyed  14; X-59 : Launched  2 , Destroyed  0"
2024-03-18,29,17,"C-300/C-400 : Launched  5 , Destroyed  0; Shahed-136/131 : Launched  22 , Destroyed  17; X-59 : Launched  2 , Destroyed  0"
2024-03-19,3,3,"ZALA : Launched  3 , Destroyed  3"
2024-03-20,2,2,"Supercam : Launched  2 , Destroyed  2"
2024-03-21,34,34,"Iskander-M/KN-23 and X-47 Kinzhal : Launched  2 , Destroyed  2; Lancet : Launched  2 , Destroyed  2; Supercam : Launched  1 , Destroyed  1; X-101/X-555 : Launched  29 , Destroyed  29"
2024-03-22,151,92,"C-300/C-400 : Launched  22 , Destroyed  0; Iskander-M : Launched  12 , Destroyed  0; Shahed-136/131 : Launched  63 , Destroyed  55; X-101/X-555 : Launched  40 , Destroyed  35; X-22 : Launched  5 , Destroyed  0; X-47 Kinzhal : Launched  7 , Destroyed  0; X-59 : Launched  2 , Destroyed  2"
2024-03-23,40,33,"C-300 : Launched  4 , Destroyed  0; Shahed-136/131 : Launched  34 , Destroyed  31; ZALA : Launched  2 , Destroyed  2"
2024-03-24,59,45,"Reconnaissance UAV : Launched  1 , Destroyed  1; Shahed-136/131 : Launched  28 , Destroyed  25; Supercam : Launched  1 , Destroyed  1; X-101/X-555 : Launched  29 , Destroyed  18"
2024-03-25,12,11,"3M22 Zircon : Launched  2 , Destroyed  2; Shahed-136/131 : Launched  9 , Destroyed  8; Unknown UAV : Launched  1 , Destroyed  1"
2024-03-26,15,15,"C-300 : Launched  2 , Destroyed  2; Shahed-136/131 : Launched  12 , Destroyed  12; X-59 : Launched  1 , Destroyed  1"
2024-03-27,16,13,"Shahed-136/131 : Launched  13 , Destroyed  10; Supercam : Launched  1 , Destroyed  1; X-59 : Launched  2 , Destroyed  2"
2024-03-28,33,26,"C-300 : Launched  1 , Destroyed  0; Shahed-136/131 : Launched  28 , Destroyed  26; X-22 : Launched  3 , Destroyed  0; X-31P : Launched  1 , Destroyed  0"
2024-03-29,101,86,"Iskander-K : Launched  4 , Destroyed  4; Iskander-M : Launched  2 , Destroyed  0; Shahed-136/131 : Launched  60 , Destroyed  58; X-101/X-555 : Launched  21 , Destroyed  17; X-47 Kinzhal : Launched  3 , Destroyed  0; X-59 : Launched  11 , Destroyed  7"
2024-03-30,20,13,"C-300/C-400 : Launched  4 , Destroyed  0; Lancet : Launched  1 , Destroyed  1; Shahed-136/131 : Launched  12 , Destroyed  9; Supercam : Launched  1 , Destroyed  1; X-59 : Launched  2 , Destroyed  2"
2024-03-31,28,19,"Iskander-M : Launched  1 , Destroyed  0; Shahed-136/131 : Launched  11 , Destroyed  9; Supercam : Launched  1 , Destroyed  1; X-101/X-555 : Launched  14 , Destroyed  9; X-59 : Launched  1 , Destroyed  0"
2024-04-01,2,2,"Forpost : Launched  1 , Destroyed  1; X-59 : Launched  1 , Destroyed  1"
2024-04-02,12,10,"Shahed-136/131 : Launched  10 , Destroyed  9; X-59 : Launched  2 , Destroyed  1"
2024-04-03,7,4,"C-300 : Launched  3 , Destroyed  0; Shahed-136/131 : Launched  4 , Destroyed  4"
2024-04-04,21,12,"Orlan-10 : Launched  1 , Destroyed  1; Shahed-136/131 : Launched  20 , Destroyed  11"
2024-04-05,19,14,"C-300/C-400 : Launched  2 , Destroyed  0; Iskander-M : Launched  3 , Destroyed  0; Orlan-10 : Launched  1 , Destroyed  1; Shahed-136/131 : Launched  13 , Destroyed  13"
2024-04-06,40,33,"C-300 : Launched  3 , Destroyed  0; Kalibr : Launched  1 , Destroyed  1; Orlan-10 : Launched  2 , Destroyed  2; Shahed-136/131 : Launched  32 , Destroyed  28; X-101/X-555 : Launched  2 , Destroyed  2"
2024-04-07,22,20,"Iskander-M : Launched  1 , Destroyed  0; Orlan-10 : Launched  1 , Destroyed  1; Shahed-136/131 : Launched  17 , Destroyed  17; Supercam : Launched  1 , Destroyed  1; Unknown UAV : Launched  1 , Destroyed  1; X-31 : Launched  1 , Destroyed  0"
2024-04-08,27,20,"Orlan-10 : Launched  2 , Destroyed  2; Shahed-136/131 : Launched  24 , Destroyed  17; X-59 : Launched  1 , Destroyed  1"
2024-04-09,27,21,"C-300 : Launched  4 , Destroyed  0; Orlan-10 : Launched  1 , Destroyed  1; Shahed-136/131 : Launched  20 , Destroyed  20; X-59 : Launched  2 , Destroyed  0"
2024-04-10,27,21,"Iskander-K : Launched  2 , Destroyed  0; Iskander-M : Launched  1 , Destroyed  0; Merlin-VR : Launched  2 , Destroyed  2; Orlan-10 : Launched  2 , Destroyed  2; Reconnaissance UAV : Launched  1 , Destroyed  1; Shahed-136/131 : Launched  17 , Destroyed  14; X-59 : Launched  1 , Destroyed  1; ZALA : Launched  1 , Destroyed  1"
2024-04-11,85,60,"C-300 : Launched  12 , Destroyed  0; Shahed-136/131 : Launched  40 , Destroyed  39; Supercam : Launched  2 , Destroyed  2; X-101/X-555 : Launched  20 , Destroyed  16; X-47 Kinzhal : Launched  6 , Destroyed  0; X-59 : Launched  4 , Destroyed  2; ZALA : Launched  1 , Destroyed  1"
2024-04-12,22,20,"Reconnaissance UAV : Launched  2 , Destroyed  2; Shahed-136/131 : Launched  17 , Destroyed  16; X-59 : Launched  2 , Destroyed  1; ZALA : Launched  1 , Destroyed  1"
2024-04-13,1,1,"X-59 : Launched  1 , Destroyed  1"
2024-04-14,17,13,"C-300/C-400 : Launched  4 , Destroyed  0; Shahed-136/131 : Launched  10 , Destroyed  10; Unknown Missile : Launched  1 , Destroyed  1; X-59 : Launched  2 , Destroyed  2"
2024-04-16,9,9,"Shahed-136/131 : Launched  9 , Destroyed  9"
2024-04-17,1,1,"Supercam : Launched  1 , Destroyed  1"
2024-04-18,13,13,"Shahed-136/131 : Launched  13 , Destroyed  13"
2024-04-19,41,34,"Iskander-M : Launched  2 , Destroyed  0; Orlan-10 : Launched  4 , Destroyed  4; Shahed-136/131 : Launched  14 , Destroyed  14; X-101/X-555 : Launched  2 , Destroyed  2; X-22 : Launched  6 , Destroyed  2; X-59 : Launched  1 , Destroyed  1; X-59/X-69 : Launched  12 , Destroyed  11"
2024-04-20,18,13,"C-300/C-400 : Launched  2 , Destroyed  0; Iskander-M : Launched  3 , Destroyed  0; Orlan-10 : Launched  2 , Destroyed  2; Supercam : Launched  4 , Destroyed  4; X-59 : Launched  1 , Destroyed  1; X-59/X-69 : Launched  5 , Destroyed  5; ZALA : Launched  1 , Destroyed  1"
2024-04-22,12,7,"C-300/C-400 : Launched  3 , Destroyed  0; Orlan-10 : Launched  2 , Destroyed  2; Shahed-136/131 : Launched  7 , Destroyed  5"
2024-04-23,21,18,"Iskander-M : Launched  2 , Destroyed  0; Orlan-10 : Launched  2 , Destroyed  2; Shahed-136/131 : Launched  16 , Destroyed  15; Unknown UAV : Launched  1 , Destroyed  1"
2024-04-24,3,3,"Lancet : Launched  2 , Destroyed  2; X-59 : Launched  1 , Destroyed  1"
2024-04-25,3,3,"Unknown Missile : Launched  1 , Destroyed  1; ZALA : Launched  2 , Destroyed  2"
2024-04-26,2,2,"Orlan-10 : Launched  1 , Destroyed  1; Supercam : Launched  1 , Destroyed  1"
2024-04-27,39,26,"C-300 : Launched  2 , Destroyed  0; Iskander-K : Launched  2 , Destroyed  1; Kalibr : Launched  8 , Destroyed  6; Lancet : Launched  1 , Destroyed  1; Orlan-10 : Launched  3 , Destroyed  3; X-101/X-555 : Launched  9 , Destroyed  6; X-47 Kinzhal : Launched  4 , Destroyed  0; X-59/X-69 : Launched  9 , Destroyed  8; ZALA : Launched  1 , Destroyed  1"
2024-04-28,12,7,"C-300 : Launched  1 , Destroyed  0; Reconnaissance UAV : Launched  2 , Destroyed  2; Shahed-136/131 : Launched  4 , Destroyed  4; Unknown UAV : Launched  5 , Destroyed  1"
2024-04-30,2,2,"Orlan-10 : Launched  2 , Destroyed  2"
2024-05-01,4,4,"Orlan-10 : Launched  1 , Destroyed  1; Shahed-136/131 : Launched  2 , Destroyed  2; X-59/X-69 : Launched  1 , Destroyed  1"
2024-05-02,1,1,"Orlan-10 : Launched  1 , Destroyed  1"
2024-05-03,6,6,"Reconnaissance UAV : Launched  1 , Destroyed  1; Supercam : Launched  4 , Destroyed  4; ZALA : Launched  1 , Destroyed  1"
2024-05-04,18,14,"C-300 : Launched  4 , Destroyed  0; Shahed-136/131 : Launched  13 , Destroyed  13; X-59/X-69 : Launched  1 , Destroyed  1"
2024-05-05,25,25,"Orlan-10 : Launched  1 , Destroyed  1; Shahed-136/131 : Launched  23 , Destroyed  23; ZALA : Launched  1 , Destroyed  1"
2024-05-06,19,18,"Lancet : Launched  3 , Destroyed  3; Reconnaissance UAV : Launched  1 , Destroyed  1; Shahed-136/131 : Launched  13 , Destroyed  12; Unknown UAV : Launched  1 , Destroyed  1; X-59/X-69 : Launched  1 , Destroyed  1"
2024-05-07,2,2,"X-59/X-69 : Launched  2 , Destroyed  2"
2024-05-08,78,61,"Iskander-K : Launched  1 , Destroyed  0; Iskander-M : Launched  2 , Destroyed  0; Kalibr : Launched  4 , Destroyed  4; Orlan-10 : Launched  1 , Destroyed  1; Shahed-136/131 : Launched  21 , Destroyed  20; X-101/X-555 : Launched  45 , Destroyed  33; X-47 Kinzhal : Launched  1 , Destroyed  0; X-59/X-69 : Launched  3 , Destroyed  3"
2024-05-09,25,22,"Shahed-136/131 : Launched  20 , Destroyed  17; Supercam : Launched  3 , Destroyed  3; ZALA : Launched  2 , Destroyed  2"
2024-05-10,16,14,"C-300/C-400 : Launched  2 , Destroyed  0; Lancet : Launched  1 , Destroyed  1; Shahed-136/131 : Launched  10 , Destroyed  10; Supercam : Launched  1 , Destroyed  1; X-59/X-69 : Launched  1 , Destroyed  1; ZALA : Launched  1 , Destroyed  1"
2024-05-11,6,6,"Orlan-10 : Launched  1 , Destroyed  1; X-59/X-69 : Launched  1 , Destroyed  1; ZALA : Launched  4 , Destroyed  4"
2024-05-12,4,4,"Lancet : Launched  1 , Destroyed  1; Orlan-10 : Launched  2 , Destroyed  2; Unknown UAV : Launched  1 , Destroyed  1"
2024-05-13,1,1,"Orlan-10 : Launched  1 , Destroyed  1"
2024-05-14,19,18,"Iskander-M : Launched  1 , Destroyed  0; Shahed-136/131 : Launched  18 , Destroyed  18"
2024-05-15,6,6,"Orlan-10 : Launched  1 , Destroyed  1; Supercam : Launched  2 , Destroyed  2; X-59/X-69 : Launched  1 , Destroyed  1; ZALA : Launched  2 , Destroyed  2"
2024-05-16,2,2,"Lancet : Launched  1 , Destroyed  1; Unknown UAV : Launched  1 , Destroyed  1"
2024-05-17,33,30,"Iskander-M : Launched  3 , Destroyed  0; Lancet : Launched  1 , Destroyed  1; Orlan-10 : Launched  1 , Destroyed  1; Shahed-136/131 : Launched  20 , Destroyed  20; Supercam : Launched  1 , Destroyed  1; Unknown UAV : Launched  2 , Destroyed  2; X-59/X-69 : Launched  3 , Destroyed  3; ZALA : Launched  2 , Destroyed  2"
2024-05-18,20,19,"Iskander-M : Launched  1 , Destroyed  0; Orlan-10 : Launched  1 , Destroyed  1; Shahed-136/131 : Launched  14 , Destroyed  14; Supercam : Launched  3 , Destroyed  3; X-59/X-69 : Launched  1 , Destroyed  1"
2024-05-19,39,39,"Orlan-10 : Launched  1 , Destroyed  1; Shahed-136/131 : Launched  37 , Destroyed  37; X-59/X-69 : Launched  1 , Destroyed  1"
2024-05-20,37,35,"Iskander-M : Launched  2 , Destroyed  0; Lancet : Launched  1 , Destroyed  1; Orlan-10 : Launched  3 , Destroyed  3; Shahed-136/131 : Launched  29 , Destroyed  29; Supercam : Launched  1 , Destroyed  1; X-59/X-69 : Launched  1 , Destroyed  1"
2024-05-21,29,28,"Shahed-136/131 : Launched  29 , Destroyed  28"
2024-05-22,29,29,"Orlan-10 : Launched  2 , Destroyed  2; Shahed-136/131 : Launched  24 , Destroyed  24; X-59/X-69 : Launched  2 , Destroyed  2; ZALA : Launched  1 , Destroyed  1"
2024-05-23,1,1,"Orlan-10 : Launched  1 , Destroyed  1"
2024-05-26,45,43,"Shahed-136/131 : Launched  31 , Destroyed  31; X-101/X-555 : Launched  12 , Destroyed  12; X-47 Kinzhal : Launched  2 , Destroyed  0"
2024-05-28,10,9,"Iskander-M : Launched  1 , Destroyed  0; Shahed-136/131 : Launched  5 , Destroyed  5; Supercam : Launched  2 , Destroyed  2; ZALA : Launched  2 , Destroyed  2"
2024-05-29,14,13,"Iskander-M : Launched  1 , Destroyed  0; Shahed-136/131 : Launched  13 , Destroyed  13"
2024-05-30,54,42,"C-300/C-400 : Launched  8 , Destroyed  0; Lancet : Launched  1 , Destroyed  1; Reconnaissance UAV : Launched  1 , Destroyed  1; Shahed-136/131 : Launched  32 , Destroyed  32; Supercam : Launched  1 , Destroyed  1; X-101/X-555 : Launched  11 , Destroyed  7"
2024-05-31,12,6,"C-300/C-400 : Launched  5 , Destroyed  0; Iskander-K : Launched  1 , Destroyed  1; Shahed-136/131 : Launched  4 , Destroyed  4; Unknown Missile : Launched  2 , Destroyed  1"
2024-06-01,107,85,"C-400 : Launched  1 , Destroyed  0; Iskander-K : Launched  1 , Destroyed  1; Iskander-M : Launched  5 , Destroyed  0; Kalibr : Launched  10 , Destroyed  4; Lancet : Launched  1 , Destroyed  1; Reconnaissance UAV : Launched  1 , Destroyed  0; Shahed-136/131 : Launched  47 , Destroyed  46; Supercam : Launched  1 , Destroyed  1; Unknown UAV : Launched  1 , Destroyed  1; X-101/X-555 : Launched  35 , Destroyed  30; X-59/X-69 : Launched  4 , Destroyed  1"
2024-06-02,31,27,"C-300 : Launched  1 , Destroyed  0; Iskander-K : Launched  1 , Destroyed  0; Iskander-M : Launched  1 , Destroyed  0; Orlan-10 : Launched  1 , Destroyed  1; Shahed-136/131 : Launched  25 , Destroyed  24; Supercam : Launched  1 , Destroyed  1; ZALA : Launched  1 , Destroyed  1"
2024-06-03,4,4,"Supercam : Launched  1 , Destroyed  1; Unknown Missile : Launched  1 , Destroyed  1; ZALA : Launched  2 , Destroyed  2"
2024-06-04,10,9,"Iskander-K : Launched  2 , Destroyed  2; Iskander-M : Launched  1 , Destroyed  0; Orlan-10 : Launched  1 , Destroyed  1; Unknown UAV : Launched  5 , Destroyed  5; ZALA : Launched  1 , Destroyed  1"
2024-06-05,31,25,"Iskander-M : Launched  1 , Destroyed  0; Shahed-136/131 : Launched  27 , Destroyed  22; ZALA : Launched  3 , Destroyed  3"
2024-06-06,23,20,"Iskander-M : Launched  2 , Destroyed  0; Orlan-10 : Launched  2 , Destroyed  2; Shahed-136/131 : Launched  18 , Destroyed  17; ZALA : Launched  1 , Destroyed  1"
2024-06-07,61,56,"Shahed-136/131 : Launched  53 , Destroyed  48; Supercam : Launched  1 , Destroyed  1; Unknown UAV : Launched  1 , Destroyed  1; X-101/X-555 : Launched  5 , Destroyed  5; X-59/X-69 : Launched  1 , Destroyed  1"
2024-06-08,20,16,"Lancet : Launched  4 , Destroyed  4; Shahed-136/131 : Launched  13 , Destroyed  9; Supercam : Launched  2 , Destroyed  2; X-59 : Launched  1 , Destroyed  1"
2024-06-09,2,2,"Supercam : Launched  1 , Destroyed  1; ZALA : Launched  1 , Destroyed  1"
2024-06-11,2,2,"X-59/X-69 : Launched  2 , Destroyed  2"
2024-06-12,30,29,"Iskander-M : Launched  1 , Destroyed  0; Shahed-136/131 : Launched  24 , Destroyed  24; X-101/X-555 : Launched  4 , Destroyed  4; X-47 Kinzhal : Launched  1 , Destroyed  1"
2024-06-13,7,5,"Orlan-10 : Launched  1 , Destroyed  1; Supercam : Launched  2 , Destroyed  2; X-59 : Launched  1 , Destroyed  0; ZALA : Launched  3 , Destroyed  2"
2024-06-14,38,30,"Iskander-M : Launched  4 , Destroyed  0; Lancet : Launched  1 , Destroyed  1; Orlan-10 : Launched  1 , Destroyed  1; Reconnaissance UAV : Launched  3 , Destroyed  3; Shahed-136/131 : Launched  17 , Destroyed  17; Supercam : Launched  1 , Destroyed  1; X-101/X-555 : Launched  10 , Destroyed  7; X-47 Kinzhal : Launched  1 , Destroyed  0"
2024-06-17,7,5,"Iskander-M : Launched  1 , Destroyed  0; Lancet : Launched  2 , Destroyed  2; Orlan-10 : Launched  1 , Destroyed  1; Reconnaissance UAV : Launched  1 , Destroyed  1; Supercam : Launched  1 , Destroyed  1; X-31P : Launched  1 , Destroyed  0"
2024-06-18,14,14,"Lancet : Launched  2 , Destroyed  2; Orlan-10 : Launched  1 , Destroyed  1; Shahed-136/131 : Launched  10 , Destroyed  10; Supercam : Launched  1 , Destroyed  1"
2024-06-19,26,23,"Iskander-M : Launched  1 , Destroyed  0; Kalibr : Launched  1 , Destroyed  1; Lancet : Launched  1 , Destroyed  1; Orlan-10 : Launched  1 , Destroyed  1; Shahed-136/131 : Launched  21 , Destroyed  19; X-59/X-69 : Launched  1 , Destroyed  1"
2024-06-20,36,32,"Iskander-M : Launched  3 , Destroyed  0; Shahed-136/131 : Launched  27 , Destroyed  27; X-101/X-555 : Launched  4 , Destroyed  4; X-59 : Launched  2 , Destroyed  1"
2024-06-21,5,4,"Iskander-M : Launched  1 , Destroyed  0; X-59/X-69 : Launched  4 , Destroyed  4"
2024-06-22,39,33,"Iskander-K : Launched  2 , Destroyed  1; Iskander-M : Launched  1 , Destroyed  0; Kalibr : Launched  4 , Destroyed  4; Orlan-10 : Launched  2 , Destroyed  2; Shahed-136/131 : Launched  13 , Destroyed  13; Supercam : Launched  2 , Destroyed  2; X-101/X-555 : Launched  10 , Destroyed  7; X-69 : Launched  1 , Destroyed  0; ZALA : Launched  4 , Destroyed  4"
2024-06-23,4,3,"Kalibr : Launched  3 , Destroyed  2; ZALA : Launched  1 , Destroyed  1"
2024-06-24,11,10,"Iskander-K : Launched  2 , Destroyed  1; Supercam : Launched  4 , Destroyed  4; Unknown UAV : Launched  5 , Destroyed  5"
2024-06-25,6,6,"Lancet : Launched  1 , Destroyed  1; Supercam : Launched  1 , Destroyed  1; ZALA : Launched  4 , Destroyed  4"
2024-06-26,5,3,"Iskander-M : Launched  1 , Destroyed  0; Orlan-10 : Launched  1 , Destroyed  1; Supercam : Launched  1 , Destroyed  1; X-59 : Launched  1 , Destroyed  0; ZALA : Launched  1 , Destroyed  1"
2024-06-27,38,35,"Iskander-M : Launched  2 , Destroyed  0; Kalibr : Launched  4 , Destroyed  4; Lancet : Launched  2 , Destroyed  2; Orlan-10 : Launched  1 , Destroyed  1; Shahed-136/131 : Launched  23 , Destroyed  23; Supercam : Launched  1 , Destroyed  1; Unknown UAV : Launched  1 , Destroyed  1; X-47 Kinzhal : Launched  1 , Destroyed  0; X-59/X-69 : Launched  1 , Destroyed  1; ZALA : Launched  2 , Destroyed  2"
2024-06-28,10,10,"Iskander-M : Launched  2 , Destroyed  2; Lancet : Launched  2 , Destroyed  2; Orlan-10 : Launched  2 , Destroyed  2; Supercam : Launched  2 , Destroyed  2; Unknown UAV : Launched  1 , Destroyed  1; ZALA : Launched  1 , Destroyed  1"
2024-06-29,15,15,"Lancet : Launched  4 , Destroyed  4; Orlan-10 : Launched  1 , Destroyed  1; Shahed-136/131 : Launched  10 , Destroyed  10"
2024-06-30,8,8,"Iskander-M : Launched  1 , Destroyed  1; Lancet : Launched  4 , Destroyed  4; Orlan-10 : Launched  1 , Destroyed  1; ZALA : Launched  2 , Destroyed  2"
2024-07-01,3,3,"Orlan-10 : Launched  1 , Destroyed  1; Supercam : Launched  1 , Destroyed  1; X-59/X-69 : Launched  1 , Destroyed  1"
2024-07-02,2,2,"Supercam : Launched  1 , Destroyed  1; X-59/X-69 : Launched  1 , Destroyed  1"
2024-07-03,15,13,"Iskander-K : Launched  3 , Destroyed  1; Orlan-10 : Launched  1 , Destroyed  1; Shahed-136/131 : Launched  5 , Destroyed  5; X-59 : Launched  4 , Destroyed  4; X-59/X-69 : Launched  1 , Destroyed  1; ZALA : Launched  1 , Destroyed  1"
2024-07-04,30,28,"Iskander-M : Launched  1 , Destroyed  0; Lancet : Launched  1 , Destroyed  1; Merlin-VR : Launched  1 , Destroyed  1; Shahed-136/131 : Launched  22 , Destroyed  21; Supercam : Launched  2 , Destroyed  2; ZALA : Launched  3 , Destroyed  3"
2024-07-05,48,48,"Orlan-10 : Launched  1 , Destroyed  1; Shahed-136/131 : Launched  32 , Destroyed  32; Supercam : Launched  2 , Destroyed  2; X-59 : Launched  5 , Destroyed  5; X-59/X-69 : Launched  4 , Destroyed  4; ZALA : Launched  4 , Destroyed  4"
2024-07-06,37,32,"Iskander-M : Launched  2 , Destroyed  0; Lancet : Launched  2 , Destroyed  2; Merlin-VR : Launched  1 , Destroyed  1; Orlan-10 : Launched  1 , Destroyed  1; Shahed-136/131 : Launched  27 , Destroyed  24; Supercam : Launched  2 , Destroyed  2; ZALA : Launched  2 , Destroyed  2"
2024-07-07,20,18,"Iskander-M : Launched  3 , Destroyed  1; Shahed-136/131 : Launched  13 , Destroyed  13; Supercam : Launched  2 , Destroyed  2; Unknown UAV : Launched  1 , Destroyed  1; ZALA : Launched  1 , Destroyed  1"
2024-07-08,54,43,"3M22 Zircon : Launched  1 , Destroyed  0; Iskander-M : Launched  6 , Destroyed  3; Kalibr : Launched  14 , Destroyed  12; Orlan-10 : Launched  3 , Destroyed  3; Reconnaissance UAV : Launched  1 , Destroyed  1; Supercam : Launched  1 , Destroyed  1; X-101/X-555 : Launched  17 , Destroyed  14; X-22 : Launched  2 , Destroyed  0; X-47 Kinzhal : Launched  1 , Destroyed  1; X-59/X-69 : Launched  5 , Destroyed  5; ZALA : Launched  3 , Destroyed  3"
2024-07-09,8,6,"Iskander-M : Launched  2 , Destroyed  0; Orlan-10 : Launched  2 , Destroyed  2; Reconnaissance UAV : Launched  1 , Destroyed  1; Supercam : Launched  1 , Destroyed  1; ZALA : Launched  2 , Destroyed  2"
2024-07-10,31,18,"Iskander-M : Launched  1 , Destroyed  0; Merlin-VR : Launched  1 , Destroyed  1; Shahed-136/131 : Launched  20 , Destroyed  14; Supercam : Launched  1 , Destroyed  1; X-31P : Launched  1 , Destroyed  0; X-59 : Launched  1 , Destroyed  0; X-59/X-69 : Launched  4 , Destroyed  0; ZALA : Launched  2 , Destroyed  2"
2024-07-11,17,15,"Iskander-M : Launched  2 , Destroyed  0; Orlan-10 : Launched  2 , Destroyed  2; Shahed-136/131 : Launched  6 , Destroyed  6; Supercam : Launched  1 , Destroyed  1; X-101/X-555 : Launched  5 , Destroyed  5; ZALA : Launched  1 , Destroyed  1"
2024-07-12,22,14,"Shahed-136/131 : Launched  19 , Destroyed  11; ZALA : Launched  3 , Destroyed  3"
2024-07-13,9,7,"Iskander-M : Launched  1 , Destroyed  0; Orlan-10 : Launched  3 , Destroyed  3; Shahed-136/131 : Launched  5 , Destroyed  4"
2024-07-14,11,11,"Orlan-10 : Launched  6 , Destroyed  6; Supercam : Launched  1 , Destroyed  1; X-59/X-69 : Launched  2 , Destroyed  2; ZALA : Launched  2 , Destroyed  2"
2024-07-15,13,12,"Iskander-M : Launched  1 , Destroyed  0; Orlan-10 : Launched  6 , Destroyed  6; Supercam : Launched  3 , Destroyed  3; ZALA : Launched  3 , Destroyed  3"
2024-07-16,12,8,"Iskander-M : Launched  2 , Destroyed  0; Orlan-10 : Launched  4 , Destroyed  4; Shahed-136/131 : Launched  4 , Destroyed  2; Unknown UAV : Launched  1 , Destroyed  1; ZALA : Launched  1 , Destroyed  1"
2024-07-17,6,6,"Orlan-10 : Launched  2 , Destroyed  2; Supercam : Launched  4 , Destroyed  4"
2024-07-18,25,24,"Iskander-M : Launched  1 , Destroyed  0; Orlan-10 : Launched  1 , Destroyed  1; Reconnaissance UAV : Launched  2 , Destroyed  2; Shahed-136/131 : Launched  16 , Destroyed  16; Supercam : Launched  2 , Destroyed  2; X-35 : Launched  1 , Destroyed  1; X-59/X-69 : Launched  2 , Destroyed  2"
2024-07-19,7,4,"Lancet : Launched  3 , Destroyed  3; X-31PD : Launched  1 , Destroyed  0; X-59 : Launched  2 , Destroyed  0; ZALA : Launched  1 , Destroyed  1"
2024-07-20,28,20,"Iskander-K : Launched  1 , Destroyed  0; Iskander-M : Launched  4 , Destroyed  1; Orlan-10 : Launched  1 , Destroyed  1; Shahed-136/131 : Launched  16 , Destroyed  12; Supercam : Launched  1 , Destroyed  1; Unknown UAV : Launched  1 , Destroyed  1; ZALA : Launched  4 , Destroyed  4"
2024-07-21,60,51,"Iskander-M : Launched  3 , Destroyed  0; Lancet : Launched  4 , Destroyed  4; Shahed-136/131 : Launched  39 , Destroyed  35; Supercam : Launched  4 , Destroyed  4; Unknown UAV : Launched  1 , Destroyed  1; X-59/X-69 : Launched  2 , Destroyed  0; ZALA : Launched  6 , Destroyed  6; -82 : Launched  1 , Destroyed  1"
2024-07-22,8,6,"Iskander-M : Launched  1 , Destroyed  0; Orlan-10 : Launched  1 , Destroyed  1; Supercam : Launched  3 , Destroyed  2; ZALA : Launched  3 , Destroyed  3"
2024-07-23,18,15,"Iskander-M : Launched  1 , Destroyed  0; Orlan-10 : Launched  2 , Destroyed  2; Shahed-136/131 : Launched  8 , Destroyed  7; Supercam : Launched  2 , Destroyed  2; X-69 : Launched  1 , Destroyed  0; ZALA : Launched  4 , Destroyed  4"
2024-07-24,25,17,"Iskander-M : Launched  1 , Destroyed  0; Shahed-136/131 : Launched  23 , Destroyed  17; Unknown Missile : Launched  1 , Destroyed  0"
2024-07-25,48,35,"Orlan-10 : Launched  2 , Destroyed  2; Shahed-136/131 : Launched  38 , Destroyed  25; Supercam : Launched  3 , Destroyed  3; ZALA : Launched  5 , Destroyed  5"
2024-07-26,31,28,"Forpost : Launched  1 , Destroyed  1; Iskander-M : Launched  1 , Destroyed  0; Lancet : Launched  2 , Destroyed  2; Shahed-136/131 : Launched  22 , Destroyed  20; Supercam : Launched  4 , Destroyed  4; Unknown UAV : Launched  1 , Destroyed  1"
2024-07-27,9,9,"Orlan-10 : Launched  2 , Destroyed  2; Shahed-136/131 : Launched  4 , Destroyed  4; Supercam : Launched  1 , Destroyed  1; X-59 : Launched  1 , Destroyed  1; X-59/X-69 : Launched  1 , Destroyed  1"
2024-07-28,13,12,"Orlan-10 : Launched  2 , Destroyed  2; Shahed-136/131 : Launched  8 , Destroyed  7; Supercam : Launched  1 , Destroyed  1; X-59 : Launched  1 , Destroyed  1;  : Launched  1 , Destroyed  1"
2024-07-29,18,17,"Orlan-10 : Launched  2 , Destroyed  2; Shahed-136/131 : Launched  10 , Destroyed  9; Supercam : Launched  1 , Destroyed  1; X-59/X-69 : Launched  1 , Destroyed  1; ZALA : Launched  4 , Destroyed  4"
2024-07-31,96,96,"Shahed-136/131 : Launched  89 , Destroyed  89; Supercam : Launched  1 , Destroyed  1; X-59 : Launched  1 , Destroyed  1; ZALA : Launched  5 , Destroyed  5"
2024-08-01,19,17,"Iskander-M : Launched  2 , Destroyed  0; Lancet : Launched  3 , Destroyed  3; Orlan-10 : Launched  1 , Destroyed  1; Shahed-136/131 : Launched  7 , Destroyed  7; Supercam : Launched  2 , Destroyed  2; Unknown UAV : Launched  4 , Destroyed  4"
2024-08-02,12,9,"Iskander-M : Launched  3 , Destroyed  0; Orlan-10 : Launched  1 , Destroyed  1; Shahed-136/131 : Launched  1 , Destroyed  1; Supercam : Launched  3 , Destroyed  3; ZALA : Launched  4 , Destroyed  4"
2024-08-03,38,29,"C-300 : Launched  2 , Destroyed  0; Shahed-136/131 : Launched  29 , Destroyed  24; Supercam : Launched  2 , Destroyed  2; X-31P : Launched  2 , Destroyed  0; ZALA : Launched  3 , Destroyed  3"
2024-08-04,12,8,"C-300 : Launched  2 , Destroyed  0; Lancet : Launched  2 , Destroyed  2; Shahed-136/131 : Launched  5 , Destroyed  5; X-59 : Launched  2 , Destroyed  0; ZALA : Launched  1 , Destroyed  1"
2024-08-05,30,26,"Iskander-M : Launched  2 , Destroyed  0; Orlan-10 : Launched  1 , Destroyed  1; Shahed-136/131 : Launched  24 , Destroyed  24; X-59 : Launched  2 , Destroyed  0; ZALA : Launched  1 , Destroyed  1"
2024-08-06,23,20,"Iskander-M/KN-23 : Launched  4 , Destroyed  2; Shahed-136/131 : Launched  16 , Destroyed  15; Supercam : Launched  1 , Destroyed  1; X-59 : Launched  2 , Destroyed  2"
2024-08-07,33,33,"Orion : Launched  1 , Destroyed  1; Shahed-136/131 : Launched  30 , Destroyed  30; ZALA : Launched  2 , Destroyed  2"
2024-08-08,10,8,"Iskander-M : Launched  2 , Destroyed  0; Orlan-10 : Launched  1 , Destroyed  1; Shahed-136/131 : Launched  4 , Destroyed  4; X-59 : Launched  2 , Destroyed  2; ZALA : Launched  1 , Destroyed  1"
2024-08-09,29,29,"Shahed-136/131 : Launched  27 , Destroyed  27; Supercam : Launched  2 , Destroyed  2"
2024-08-10,1,1,"Supercam : Launched  1 , Destroyed  1"
2024-08-11,68,58,"Iskander-M : Launched  2 , Destroyed  0; KN-23 : Launched  4 , Destroyed  0; Lancet : Launched  4 , Destroyed  4; Shahed-136/131 : Launched  57 , Destroyed  53; ZALA : Launched  1 , Destroyed  1"
2024-08-12,3,3,"Supercam : Launched  2 , Destroyed  2; ZALA : Launched  1 , Destroyed  1"
2024-08-13,40,30,"Iskander-M/KN-23 : Launched  2 , Destroyed  0; Shahed-136/131 : Launched  38 , Destroyed  30"
2024-08-14,29,20,"Iskander-M : Launched  1 , Destroyed  0; Shahed-136/131 : Launched  23 , Destroyed  17; Supercam : Launched  2 , Destroyed  2; X-59/X-69 : Launched  2 , Destroyed  0; ZALA : Launched  1 , Destroyed  1"
2024-08-15,38,35,"Lancet : Launched  4 , Destroyed  4; Orlan-10 : Launched  1 , Destroyed  1; Shahed-136/131 : Launched  29 , Destroyed  29; Supercam : Launched  1 , Destroyed  1; X-59 : Launched  3 , Destroyed  0"
2024-08-16,12,9,"Iskander-M : Launched  3 , Destroyed  0; Lancet : Launched  1 , Destroyed  1; Orlan-10 : Launched  1 , Destroyed  1; Shahed-136/131 : Launched  3 , Destroyed  3; Supercam : Launched  2 , Destroyed  2; Unknown UAV : Launched  2 , Destroyed  2"
2024-08-17,15,14,"Iskander-K : Launched  1 , Destroyed  0; Shahed-136/131 : Launched  14 , Destroyed  14"
2024-08-18,22,19,"Iskander-M : Launched  1 , Destroyed  0; KN-23 : Launched  2 , Destroyed  2; Orlan-10 : Launched  1 , Destroyed  1; Shahed-136/131 : Launched  8 , Destroyed  8; Supercam : Launched  2 , Destroyed  2; Unknown Missile : Launched  3 , Destroyed  3; X-59 : Launched  2 , Destroyed  0; ZALA : Launched  3 , Destroyed  3"
2024-08-19,16,16,"Lancet : Launched  2 , Destroyed  2; Shahed-136/131 : Launched  11 , Destroyed  11; ZALA : Launched  3 , Destroyed  3"
2024-08-20,35,32,"Iskander-K : Launched  1 , Destroyed  1; Iskander-M/KN-23 : Launched  2 , Destroyed  0; Reconnaissance UAV : Launched  4 , Destroyed  4; Shahed-136/131 : Launched  26 , Destroyed  25; X-59 : Launched  2 , Destroyed  2"
2024-08-21,76,55,"Iskander-M/KN-23 : Launched  2 , Destroyed  0; Orlan-10 : Launched  3 , Destroyed  3; Shahed-136/131 : Launched  69 , Destroyed  50; X-59/X-69 : Launched  1 , Destroyed  1; ZALA : Launched  1 , Destroyed  1"
2024-08-22,14,2,"Iskander-M : Launched  2 , Destroyed  0; Shahed-136/131 : Launched  10 , Destroyed  2; X-31P : Launched  2 , Destroyed  0"
2024-08-23,25,21,"Iskander-M/KN-23 : Launched  2 , Destroyed  0; Lancet : Launched  2 , Destroyed  2; Merlin-VR : Launched  1 , Destroyed  1; Orlan-10 : Launched  1 , Destroyed  1; Shahed-136/131 : Launched  16 , Destroyed  14; Supercam : Launched  1 , Destroyed  1; ZALA : Launched  2 , Destroyed  2"
2024-08-24,5,1,"X-22 : Launched  4 , Destroyed  0; ZALA : Launched  1 , Destroyed  1"
2024-08-25,17,8,"Iskander-M and Iskander-K : Launched  2 , Destroyed  0; Shahed-136/131 : Launched  9 , Destroyed  8; X-59/X-69 : Launched  6 , Destroyed  0"
2024-08-26,230,201,"Iskander-M/KN-23 : Launched  6 , Destroyed  1; Shahed-136/131 : Launched  109 , Destroyed  99; X-101/X-555 and Kalibr and X-59/X-69 : Launched  109 , Destroyed  99; X-22 : Launched  3 , Destroyed  1; X-47 Kinzhal : Launched  3 , Destroyed  1"
2024-08-27,91,65,"Iskander-K : Launched  1 , Destroyed  0; Iskander-M : Launched  1 , Destroyed  0; Shahed-136/131 : Launched  81 , Destroyed  60; X-101/X-555 : Launched  5 , Destroyed  5; X-47 Kinzhal : Launched  3 , Destroyed  0"
2024-08-28,3,3,"Lancet : Launched  2 , Destroyed  2; Orlan-10 : Launched  1 , Destroyed  1"
2024-08-29,83,65,"Iskander-M : Launched  1 , Destroyed  0; Orlan-10 : Launched  2 , Destroyed  2; Shahed-136/131 : Launched  74 , Destroyed  60; Supercam : Launched  1 , Destroyed  1; Unknown Missile : Launched  2 , Destroyed  0; X-59/X-69 : Launched  3 , Destroyed  2"
2024-08-30,19,12,"Iskander-M : Launched  1 , Destroyed  0; Shahed-136/131 : Launched  18 , Destroyed  12"
2024-08-31,62,29,"C-300 : Launched  4 , Destroyed  0; Iskander-M : Launched  1 , Destroyed  0; Lancet : Launched  4 , Destroyed  4; Orion : Launched  1 , Destroyed  1; Shahed-136/131 : Launched  52 , Destroyed  24"
2024-09-01,12,8,"Iskander-M : Launched  1 , Destroyed  0; Shahed-136/131 : Launched  11 , Destroyed  8"
2024-09-02,65,48,"C-300/C-400 : Launched  4 , Destroyed  0; Iskander-M : Launched  1 , Destroyed  0; Iskander-M/KN-23 : Launched  16 , Destroyed  9; Lancet : Launched  1 , Destroyed  1; Shahed-136/131 : Launched  23 , Destroyed  20; Supercam : Launched  2 , Destroyed  2; Unknown Missile : Launched  1 , Destroyed  0; X-101/X-555 : Launched  14 , Destroyed  13; ZALA : Launched  3 , Destroyed  3"
2024-09-03,39,27,"Iskander-M/KN-23 : Launched  3 , Destroyed  0; Shahed-136/131 : Launched  35 , Destroyed  27; X-59/X-69 : Launched  1 , Destroyed  0"
2024-09-04,42,29,"Iskander-K : Launched  3 , Destroyed  3; Shahed-136/131 : Launched  29 , Destroyed  22; X-101/X-555 : Launched  6 , Destroyed  4; X-22 : Launched  2 , Destroyed  0; X-47 Kinzhal : Launched  2 , Destroyed  0"
2024-09-05,79,60,"Iskander-M : Launched  1 , Destroyed  0; Shahed-136/131 : Launched  78 , Destroyed  60"
2024-09-06,48,29,"Lancet : Launched  1 , Destroyed  1; Shahed-136/131 : Launched  44 , Destroyed  27; X-31P : Launched  1 , Destroyed  0; X-59 : Launched  1 , Destroyed  0; ZALA : Launched  1 , Destroyed  1"
2024-09-07,73,64,"Lancet : Launched  2 , Destroyed  2; Orlan-10 : Launched  3 , Destroyed  3; Shahed-136/131 : Launched  67 , Destroyed  58; ZALA : Launched  1 , Destroyed  1"
2024-09-08,27,16,"Shahed-136/131 : Launched  23 , Destroyed  15; X-59 : Launched  4 , Destroyed  1"
2024-09-09,20,17,"Lancet : Launched  2 , Destroyed  2; Shahed-136/131 : Launched  8 , Destroyed  6; Supercam : Launched  3 , Destroyed  3; X-59/X-69 : Launched  3 , Destroyed  2; ZALA : Launched  4 , Destroyed  4"
2024-09-10,51,41,"Iskander-M : Launched  1 , Destroyed  0; Shahed-136/131 : Launched  46 , Destroyed  38; Supercam : Launched  2 , Destroyed  2; X-31P : Launched  1 , Destroyed  0; ZALA : Launched  1 , Destroyed  1"
2024-09-11,35,20,"C-300 : Launched  2 , Destroyed  0; Iskander-M : Launched  1 , Destroyed  0; Shahed-136/131 : Launched  25 , Destroyed  20; X-31P : Launched  6 , Destroyed  0; X-59/X-69 : Launched  1 , Destroyed  0"
2024-09-12,78,54,"Iskander-M : Launched  3 , Destroyed  1; Lancet : Launched  4 , Destroyed  4; Orlan-10 : Launched  1 , Destroyed  1; Shahed-136/131 : Launched  64 , Destroyed  44; X-22/X-32 : Launched  2 , Destroyed  0; ZALA : Launched  4 , Destroyed  4"
2024-09-13,26,24,"Shahed-136/131 : Launched  26 , Destroyed  24"
2024-09-14,82,78,"Shahed-136/131 : Launched  76 , Destroyed  72; Supercam : Launched  1 , Destroyed  1; Unknown UAV : Launched  2 , Destroyed  2; ZALA : Launched  3 , Destroyed  3"
2024-09-15,18,12,"Iskander-M : Launched  2 , Destroyed  0; Orion : Launched  1 , Destroyed  1; Shahed-136/131 : Launched  14 , Destroyed  10; X-59 : Launched  1 , Destroyed  1"
2024-09-16,56,53,"Shahed-136/131 : Launched  56 , Destroyed  53"
2024-09-17,51,34,"Shahed-136/131 : Launched  51 , Destroyed  34"
2024-09-18,55,46,"Shahed-136/131 : Launched  52 , Destroyed  46; X-59/X-69 : Launched  3 , Destroyed  0"
2024-09-19,48,45,"C-300/C-400 : Launched  3 , Destroyed  0; Orlan-10 : Launched  1 , Destroyed  1; Shahed-136/131 : Launched  42 , Destroyed  42; Supercam : Launched  1 , Destroyed  1; X-59/X-69 : Launched  1 , Destroyed  1"
2024-09-20,83,70,"Iskander-M : Launched  1 , Destroyed  0; Lancet : Launched  7 , Destroyed  7; Shahed-136/131 : Launched  70 , Destroyed  61; Unknown Missile : Launched  3 , Destroyed  0; X-59/X-69 : Launched  1 , Destroyed  1; ZALA : Launched  1 , Destroyed  1"
2024-09-21,25,16,"Iskander-M/KN-23 : Launched  4 , Destroyed  0; Shahed-136/131 : Launched  16 , Destroyed  11; X-59/X-69 : Launched  5 , Destroyed  5"
2024-09-22,82,71,"Shahed-136/131 : Launched  80 , Destroyed  71; X-59/X-69 : Launched  2 , Destroyed  0"
2024-09-23,6,3,"Shahed-136/131 : Launched  4 , Destroyed  3; X-59/X-69 : Launched  2 , Destroyed  0"
2024-09-24,100,82,"Iskander-M : Launched  1 , Destroyed  0; Lancet : Launched  11 , Destroyed  11; Orlan-10 : Launched  1 , Destroyed  1; Shahed-136/131 : Launched  81 , Destroyed  66; Unknown Missile : Launched  1 , Destroyed  0; X-59/X-69 : Launched  1 , Destroyed  0; ZALA : Launched  4 , Destroyed  4"
2024-09-25,44,36,"C-300 : Launched  1 , Destroyed  0; Orlan-10 : Launched  1 , Destroyed  1; Shahed-136/131 : Launched  32 , Destroyed  28; Supercam : Launched  1 , Destroyed  1; Unknown Missile : Launched  3 , Destroyed  0; X-59/X-69 : Launched  4 , Destroyed  4; ZALA : Launched  2 , Destroyed  2"
2024-09-26,87,70,"Shahed-136/131 : Launched  78 , Destroyed  66; Unknown Missile : Launched  2 , Destroyed  0; X-47 Kinzhal : Launched  3 , Destroyed  0; X-59/X-69 : Launched  4 , Destroyed  4"
2024-09-27,40,25,"Iskander-M/KN-23 : Launched  1 , Destroyed  0; Shahed-136/131 : Launched  32 , Destroyed  24; X-22 : Launched  2 , Destroyed  0; X-47 Kinzhal : Launched  4 , Destroyed  0; ZALA : Launched  1 , Destroyed  1"
2024-09-28,80,72,"Iskander-M : Launched  2 , Destroyed  0; Shahed-136/131 : Launched  76 , Destroyed  70; X-59/X-69 : Launched  2 , Destroyed  2"
2024-09-29,22,15,"Shahed-136/131 : Launched  22 , Destroyed  15"
2024-09-30,78,68,"Iskander-M : Launched  3 , Destroyed  0; Shahed-136/131 : Launched  73 , Destroyed  67; X-31P : Launched  1 , Destroyed  0; X-59/X-69 : Launched  1 , Destroyed  1"
2024-10-01,36,32,"Eleron : Launched  1 , Destroyed  1; Iskander-M : Launched  1 , Destroyed  0; Orlan-10 : Launched  1 , Destroyed  1; Shahed-136/131 : Launched  32 , Destroyed  29; ZALA : Launched  1 , Destroyed  1"
2024-10-02,32,11,"Shahed-136/131 : Launched  32 , Destroyed  11"
2024-10-03,109,81,"Orlan-10 : Launched  1 , Destroyed  1; Shahed-136/131 : Launched  105 , Destroyed  78; Supercam : Launched  1 , Destroyed  1; X-31P : Launched  1 , Destroyed  0; ZALA : Launched  1 , Destroyed  1"
2024-10-04,19,9,"Shahed-136/131 : Launched  19 , Destroyed  9"
2024-10-05,19,6,"Shahed-136/131 : Launched  13 , Destroyed  3; X-59/X-69 : Launched  3 , Destroyed  0; ZALA : Launched  3 , Destroyed  3"
2024-10-06,91,58,"Iskander-K : Launched  1 , Destroyed  1; Iskander-M : Launched  2 , Destroyed  0; Shahed-136/131 : Launched  87 , Destroyed  56; X-59/X-69 : Launched  1 , Destroyed  1"
